TIMESTAMP,CPU,MEMORY,MOUSE_X,MOUSE_Y,LEFT_CLICKS,RIGHT_CLICKS,q,w,e,r,t,d,f,tab,space,ctrl
1704564883758153600,30.4,62.9,94,658,0,0,0,0,0,0,0,0,0,0,0,0
1704564884777102000,25.7,62.3,1491,570,0,0,0,0,0,0,0,0,0,0,0,0
1704564885794048900,14.5,61.9,1482,698,0,1,0,0,0,0,0,0,0,0,0,0
1704564886803997600,10.9,61.7,1482,698,0,0,0,0,0,0,0,0,0,0,0,0
1704564887823428000,9.9,61.7,1482,698,0,0,0,0,0,0,0,0,0,0,0,0
1704564889349336900,12.3,61.7,1859,615,0,0,0,0,0,0,0,0,0,0,0,0
1704564889865308800,12.1,61.6,1817,510,0,0,0,0,0,0,0,0,0,0,0,0
1704564890883240400,13.4,61.5,2005,575,0,0,0,0,0,0,0,0,0,0,0,0
1704564891903192900,14.2,61.5,2131,567,0,2,0,0,0,0,0,0,0,0,0,0
1704564892924140600,12.1,61.5,2127,612,0,1,0,0,0,0,0,0,0,0,0,0
1704564894451043700,15.0,61.4,2088,643,0,1,0,0,0,0,0,0,0,0,0,0
1704564894964012500,20.1,61.3,2073,648,0,2,0,0,0,0,0,0,0,0,0,0
1704564896492414700,20.1,61.4,2028,622,0,1,0,0,0,0,0,0,0,0,0,0
1704564897008386200,18.7,61.4,2028,612,0,1,0,0,0,0,0,0,0,0,0,0
1704564898530314300,18.3,61.3,2015,593,0,1,0,0,0,0,0,0,0,0,0,0
1704564899045283600,17.6,61.3,2011,594,0,2,0,0,0,0,0,0,0,0,0,0
1704564900065227800,10.8,61.3,2011,585,0,1,0,0,0,0,0,0,0,0,0,0
1704564901591136200,13.6,61.4,2001,565,0,1,0,0,0,0,0,0,0,0,0,0
1704564902105106100,10.9,61.3,2179,738,0,1,0,0,0,0,0,0,0,0,0,0
1704564903119034200,11.1,61.3,2176,616,0,0,0,0,0,0,0,0,0,0,0,0
1704564904131992200,10.9,61.3,2169,620,0,0,0,0,0,0,0,0,0,0,0,0
1704564905153423600,13.4,61.3,2139,664,0,1,0,0,0,0,0,0,0,0,0,0
1704564906682322200,15.7,61.3,2006,680,0,1,0,0,0,0,0,0,0,0,0,0
1704564907196298200,10.1,61.3,2044,671,0,0,0,0,0,0,0,0,0,0,0,0
1704564908216231300,12.1,61.3,2116,700,0,0,0,0,0,0,0,0,0,0,0,0
1704564909238174700,11.1,61.3,2121,707,0,0,0,0,0,0,0,0,0,0,0,0
1704564910255139200,15.3,61.3,2139,628,0,0,0,0,0,0,0,0,0,0,0,0
1704564911276072900,10.2,61.3,2054,616,0,1,0,0,0,0,0,0,0,0,0,0
1704564912300010100,11.3,61.3,2046,504,0,1,0,0,0,0,0,0,0,0,0,0
1704564913314447800,14.1,61.3,1983,644,0,0,0,0,0,0,0,0,0,0,0,0
1704564914832343400,16.4,61.3,2155,654,0,0,0,0,0,0,0,0,0,0,0,0
1704564915348321300,17.1,61.3,2113,652,0,0,0,0,0,0,0,0,0,0,0,0
1704564916864240400,10.4,61.3,2058,630,0,0,0,0,0,0,0,0,0,0,0,0
1704564917377210000,10.1,61.3,2086,534,1,0,0,0,0,0,0,0,0,0,0,0
1704564918396142600,11.1,61.3,2109,493,1,0,0,0,0,0,0,0,0,0,0,0
1704564919414080600,12.1,61.3,1937,467,0,0,0,0,0,0,0,0,0,0,0,0
1704564920938976200,15.8,61.3,1464,526,0,1,0,0,0,0,0,0,0,0,0,0
1704564921455445200,12.1,61.3,1518,428,0,0,0,0,0,0,0,0,0,0,0,0
1704564922476415900,10.8,61.3,1444,375,0,0,0,0,0,0,0,0,0,0,0,0
1704564924002312000,11.1,61.3,1172,528,0,1,0,0,0,0,0,0,0,0,0,0
1704564924516282300,14.9,61.3,1037,475,0,0,0,0,0,0,0,0,0,0,0,0
1704564925537236100,20.9,61.1,1434,631,0,1,1,0,0,0,0,0,0,0,0,0
1704564926565176700,12.1,61.1,1115,835,0,1,14,0,0,0,0,0,0,0,0,0
1704564927576113500,10.9,61.1,1142,578,0,1,1,0,0,0,0,0,0,0,0,0
1704564929096036500,16.4,61.2,1143,616,0,0,1,0,0,0,0,0,0,0,0,0
1704564930111966000,11.2,61.2,1143,622,0,0,0,0,0,0,0,0,0,0,0,0
1704564930623431000,16.6,61.2,1209,595,0,0,0,0,0,0,0,0,0,0,0,0
1704564932140331600,10.9,61.2,1128,597,0,0,0,0,0,0,0,0,0,0,0,0
1704564932652300400,11.7,61.1,1141,480,0,0,0,0,0,0,0,0,0,0,0,0
1704564933662244200,13.5,61.2,1088,590,0,0,0,0,0,0,0,0,0,0,0,0
1704564935183149300,12.8,61.1,1156,762,0,0,0,0,0,0,0,0,0,0,0,0
1704564936205090500,11.2,61.1,1243,840,0,1,0,0,0,0,0,0,0,0,0,0
1704564937225042200,13.0,61.2,1235,838,0,0,9,0,0,0,0,0,0,0,0,0
1704564938240971800,14.0,61.3,1221,819,0,0,0,0,0,0,0,0,0,0,0,0
1704564938747431800,13.4,61.3,1263,822,0,0,0,0,0,0,0,0,0,0,0,0
1704564939760887500,10.9,61.2,1431,703,0,0,1,0,0,0,0,0,0,0,0,0
1704564941279286400,10.6,61.1,1373,735,0,1,3,0,0,0,0,0,0,0,0,0
1704564942294215000,12.7,61.1,1387,702,0,1,0,0,0,0,0,0,0,0,0,0
1704564943311157900,14.8,61.1,1361,672,0,1,0,0,0,0,0,0,0,0,0,0
1704564943823126400,11.7,61.1,1030,610,0,1,0,0,0,0,0,0,0,0,0,0
1704564944845068100,13.5,61.1,936,803,0,1,0,0,0,0,0,0,0,0,0,0
1704564946370972100,14.8,61.1,1348,570,0,2,0,0,0,0,0,0,0,0,0,0
1704564946887441200,18.4,61.1,1376,565,0,0,0,0,0,0,0,0,0,0,0,0
1704564947901381100,11.2,61.1,1344,644,0,1,0,0,0,0,0,0,0,0,0,0
1704564948916317200,10.9,61.1,1405,614,0,2,0,0,0,0,0,0,0,0,0,0
1704564949930244800,14.8,61.1,1233,676,0,1,13,0,0,0,0,0,0,0,0,0
1704564950943208500,14.2,61.1,1117,575,0,1,0,0,0,0,0,0,0,0,0,0
1704564951956160400,15.8,60.4,1212,525,0,0,0,0,0,0,0,0,0,0,0,0
1704564952971090100,13.3,60.4,1449,482,0,0,0,0,0,0,0,0,0,0,0,0
1704564953985018600,12.1,60.4,1698,434,0,0,0,0,0,0,0,0,0,0,0,0
1704564954999462700,14.6,60.4,1478,406,0,1,15,0,0,0,0,0,0,0,0,0
1704564956027403200,11.0,60.4,1589,419,0,0,13,0,0,0,0,0,0,0,0,0
1704564957042369200,12.8,60.4,1462,475,0,0,1,0,0,0,0,0,0,0,0,0
1704564958057304100,14.0,60.4,1433,479,0,0,16,0,0,0,0,0,0,0,0,0
1704564959071231300,10.9,60.4,1447,473,0,0,0,0,0,0,0,0,0,0,0,0
1704564960083172200,14.8,60.4,1447,473,0,0,0,0,0,0,0,0,0,0,0,0
1704564961101103300,10.9,60.4,877,831,0,0,0,0,0,0,0,0,0,0,0,0
1704564962118033500,13.0,60.4,1357,643,0,0,0,0,0,0,0,0,0,0,0,0
1704564963127991100,11.2,60.4,1251,610,0,0,0,0,0,0,0,0,0,0,0,0
1704564964146419400,9.9,60.4,1349,680,0,1,0,0,0,0,0,0,0,0,0,0
1704564965167354700,11.4,60.4,1241,634,0,0,1,0,0,0,0,0,0,0,0,0
1704564966187294800,14.9,60.5,1223,484,0,1,6,0,0,0,0,0,0,0,0,0
1704564967200221500,14.4,60.5,1257,520,0,0,0,0,0,0,0,0,0,0,0,0
1704564968719124400,10.9,60.5,1244,657,0,0,0,0,0,0,0,0,0,0,0,0
1704564969228111900,12.7,60.5,1184,672,0,0,0,0,0,0,0,0,0,0,0,0
1704564970243047400,13.2,60.5,915,582,0,0,4,0,0,0,0,0,0,0,0,0
1704564971257975900,12.4,60.5,1323,290,1,2,0,0,0,0,0,0,0,0,0,0
1704564972273414500,14.0,60.5,1566,248,0,3,0,0,0,0,0,0,0,0,0,0
1704564973294348600,11.6,60.5,1504,389,0,0,0,0,0,0,0,0,0,0,0,0
1704564974316284200,10.1,60.5,1414,561,0,0,0,0,0,0,0,0,0,0,0,0
1704564975335249300,12.6,60.5,1414,561,0,0,0,0,0,0,0,0,0,0,0,0
1704564976349177900,11.4,60.5,1414,561,0,0,0,0,0,0,0,0,0,0,0,0
1704564977868086800,11.8,60.5,1414,561,0,0,0,0,0,0,0,0,0,0,0,0
1704564978382057000,13.4,60.5,1660,668,0,0,0,0,0,0,0,0,0,0,0,0
1704564979400990700,11.2,60.5,1517,680,0,0,0,0,0,0,0,0,0,0,0,0
1704564980919412100,13.8,60.5,1907,248,0,0,0,0,0,0,0,0,0,0,0,0
1704564981426375800,9.6,60.5,1925,237,1,0,0,0,0,0,0,0,0,0,0,0
1704564982447309400,10.9,60.5,1766,470,0,0,0,0,0,0,0,0,0,0,0,0
1704564983471252700,16.1,60.5,1766,470,0,0,0,0,0,0,0,0,0,0,0,0
1704564984493187700,16.6,60.5,1881,505,0,0,0,0,0,0,0,0,0,0,0,0
1704564986020092200,12.2,60.5,1909,599,0,0,0,0,0,0,0,0,0,0,0,0
1704564986534095600,13.1,60.5,1806,632,0,0,0,0,0,0,0,0,0,0,0,0
1704564987556036900,10.8,60.5,1985,445,0,1,0,0,0,0,0,0,0,0,0,0
1704564988574969400,13.0,60.4,2244,502,0,1,0,0,0,0,0,0,0,0,0,0
1704564990117391800,18.4,60.5,1995,722,0,1,0,0,0,0,0,0,0,0,0,0
1704564990632362100,12.3,60.5,2004,733,0,0,0,0,0,0,0,0,0,0,0,0
1704564991654297600,9.6,60.5,1973,611,0,1,0,0,0,0,0,0,0,0,0,0
1704564992682271200,9.9,60.5,1988,572,0,1,0,0,0,0,0,0,0,0,0,0
1704564993704206500,16.3,60.5,1981,588,0,0,0,0,0,0,0,0,0,0,0,0
1704564995226106000,11.4,60.5,1988,607,0,1,0,0,0,0,0,0,0,0,0,0
1704564995738074200,17.5,60.5,1988,607,0,1,0,0,0,0,0,0,0,0,0,0
1704564996762011100,18.1,60.5,2004,666,0,1,0,0,0,0,0,0,0,0,0,0
1704564997780439900,10.9,60.5,1705,73,0,1,0,0,0,0,0,0,0,0,0,0
1704564998800405300,16.0,60.5,1392,366,0,0,0,0,0,0,0,0,0,0,0,0
1704565000326301200,11.1,60.5,1983,913,0,1,0,0,0,0,0,0,0,0,0,0
1704565000841279400,11.5,60.5,2089,887,0,2,0,0,0,0,0,0,0,0,0,0
1704565002368189000,14.6,60.4,2030,891,0,0,0,0,0,0,0,0,0,0,0,0
1704565003390124600,14.0,60.5,1971,642,0,0,0,0,0,0,0,0,0,0,0,0
1704565003904107800,12.2,60.5,1703,657,0,0,0,0,0,0,0,0,0,0,0,0
1704565004923060200,13.5,60.5,1714,559,0,1,0,0,0,0,0,0,0,0,0,0
1704565005938025200,16.8,60.5,1679,636,0,0,0,0,0,0,0,0,0,0,0,0
1704565006965965500,10.1,60.5,1719,680,0,1,0,0,0,0,0,0,0,0,0,0
1704565007982405300,15.2,60.5,1718,680,0,0,0,0,0,0,0,0,0,0,0,0
1704565008996332400,14.3,60.5,1868,729,0,0,0,0,0,0,0,0,0,0,0,0
1704565010514260800,10.4,60.5,1936,730,0,0,0,0,0,0,0,0,0,0,0,0
1704565011027229600,11.4,60.5,1936,730,0,1,0,0,0,0,0,0,0,0,0,0
1704565012554126600,10.4,60.5,1838,661,0,0,0,0,0,0,0,0,0,0,0,0
1704565013572064300,11.6,60.5,1567,633,0,0,0,0,0,0,0,0,0,0,0,0
1704565014600005300,11.1,60.5,1599,606,0,2,0,0,0,0,0,0,0,0,0,0
1704565015114986200,12.6,60.5,1599,606,0,0,0,0,0,0,0,0,0,0,0,0
1704565016123439700,10.8,60.5,1599,606,0,0,0,0,0,0,0,0,0,0,0,0
1704565017654340500,11.3,60.5,1599,606,0,1,0,0,0,0,0,0,0,0,0,0
1704565018169311100,15.5,60.5,1619,768,0,0,0,0,0,0,0,0,0,0,0,0
1704565019183251900,12.7,60.4,1148,660,0,1,0,0,0,0,0,0,0,0,0,0
1704565020199181800,14.8,60.5,1387,619,0,0,0,0,0,0,0,0,0,0,0,0
1704565021216117900,11.7,60.5,1413,615,0,0,1,0,0,0,0,0,0,0,0,0
1704565022733044400,10.6,60.5,1282,619,0,0,0,0,0,0,0,0,0,0,0,0
1704565023249016300,13.2,60.5,1273,700,0,0,0,0,0,0,0,0,0,0,0,0
1704565024269956400,15.3,60.5,1399,706,0,1,0,0,0,0,0,0,0,0,0,0
1704565025290400800,14.8,60.5,1063,637,0,0,1,0,0,0,0,0,0,0,0,0
1704565026817298400,13.4,60.4,1144,546,0,1,16,0,0,0,0,0,0,0,0,0
1704565027329266200,11.1,60.4,1159,560,0,0,3,0,0,0,0,0,0,0,0,0
1704565028845193100,13.0,60.4,1205,579,0,0,0,0,0,0,0,0,0,0,0,0
1704565029357161600,11.4,60.4,1237,639,0,0,0,0,0,0,0,0,0,0,0,0
1704565030373093100,16.0,60.4,1086,606,0,1,0,0,0,0,0,0,0,0,0,0
1704565031398058300,11.4,60.4,1191,723,0,1,0,2,0,0,0,0,0,0,0,0
1704565032411986000,11.7,60.4,1664,704,0,0,0,16,0,0,0,0,0,0,0,0
1704565033426421900,11.7,60.4,1636,702,0,0,0,15,0,0,0,0,0,0,0,0
1704565034440393200,14.5,60.4,1564,561,0,0,0,13,0,0,0,0,0,0,0,0
1704565035455321400,11.9,60.4,1492,556,0,0,0,0,0,0,0,0,0,0,0,0
1704565036474260900,12.3,60.4,1460,535,0,0,0,2,0,0,0,0,0,0,0,0
1704565037493206600,11.1,60.4,1383,501,0,0,0,0,0,0,0,0,0,0,0,0
1704565039024107000,13.6,60.4,855,706,0,0,16,0,0,0,0,0,0,0,0,0
1704565039538083500,10.8,60.4,855,706,0,0,5,0,0,0,0,0,0,0,0,0
1704565040566054500,12.1,60.4,1383,844,0,0,15,0,0,0,0,0,0,0,0,0
1704565041586995700,11.6,60.4,1310,687,0,0,5,0,0,0,0,0,0,0,0,0
1704565042609428400,12.8,60.4,1326,702,0,0,0,0,0,0,0,0,0,0,0,0
1704565043627372000,11.8,60.4,1470,705,0,0,0,0,0,0,0,0,0,0,0,0
1704565045152267000,12.0,60.4,1056,585,0,0,0,0,0,0,0,0,0,0,0,0
1704565046174238900,14.8,60.4,1471,545,0,1,0,0,0,0,0,0,0,0,0,0
1704565046687207900,12.0,60.4,1470,568,0,0,0,0,0,0,0,0,0,0,0,0
1704565048217108800,14.5,60.4,958,973,0,0,0,0,0,0,0,0,0,0,0,0
1704565049236054200,12.2,60.4,1006,888,0,1,2,0,0,0,0,0,0,0,0,0
1704565049751025300,14.4,60.4,1087,836,0,0,0,0,0,0,0,0,0,0,0,0
1704565050773961700,22.3,60.4,1320,601,0,0,0,0,0,0,0,0,0,0,0,0
1704565051795427600,11.4,60.4,1160,612,0,0,0,0,0,0,0,0,0,0,0,0
1704565053318335200,10.9,60.4,1847,771,0,3,0,0,0,0,0,0,0,0,0,0
1704565053834306900,14.2,60.4,1650,880,0,3,0,0,0,0,0,0,0,0,0,0
1704565054853252700,13.4,60.4,1658,849,0,2,0,0,0,0,0,0,0,0,0,0
1704565055875187600,18.0,60.4,1434,940,0,1,0,0,0,0,0,0,0,0,0,0
1704565056895121300,13.6,60.4,1382,939,0,1,0,0,0,0,0,0,0,0,0,0
1704565057910083400,12.6,60.4,686,1038,0,2,0,0,0,0,0,0,0,0,0,0
1704565058925011600,13.8,60.4,889,1085,0,2,0,0,0,0,0,0,0,0,0,0
1704565059940438700,12.6,60.4,1087,992,0,3,0,0,0,0,0,0,0,0,0,0
1704565060954372200,13.6,60.4,1127,1003,0,1,0,0,0,0,0,0,0,0,0,0
1704565061973305600,15.8,60.4,1106,580,0,2,10,0,0,0,0,0,0,0,0,0
1704565062998242500,12.4,60.4,856,505,0,1,0,0,0,0,0,0,0,0,0,0
1704565064017210400,12.3,60.4,1236,599,0,0,0,0,0,0,0,0,0,0,0,0
1704565065036143200,20.1,60.4,961,605,0,0,0,0,0,0,0,0,0,0,0,0
1704565066059078400,13.2,60.4,1173,493,0,1,0,0,0,0,0,0,0,0,0,0
1704565067080026500,15.9,60.4,1258,440,0,1,0,0,0,0,0,0,0,0,0,0
1704565068103969100,12.2,60.4,1003,530,0,1,0,0,0,0,0,0,0,0,0,0
1704565069124400200,10.8,60.4,1183,548,0,0,1,0,0,0,0,0,0,0,0,0
1704565070150370200,11.9,60.4,1265,475,0,0,15,0,0,0,0,0,0,0,0,0
1704565071171324100,12.5,60.4,1259,484,0,0,0,0,0,0,0,0,0,0,0,0
1704565072185252600,15.8,60.4,1556,331,0,0,0,0,0,0,0,0,0,0,0,0
1704565073199202000,15.5,60.4,1493,278,0,0,0,0,0,0,0,0,0,0,0,0
1704565074216133500,10.4,60.4,1383,371,0,0,0,0,0,0,0,0,0,0,0,0
1704565075743070900,12.1,60.4,1365,494,0,0,0,0,0,0,0,0,0,0,0,0
1704565076259043100,11.6,60.4,1365,494,0,0,0,0,0,0,0,0,0,0,0,0
1704565077277998400,13.5,60.4,1160,496,0,0,0,0,0,0,0,0,0,0,0,0
1704565078806405800,10.8,60.4,1412,693,0,1,0,0,0,0,0,0,0,0,0,0
1704565079321377200,13.2,60.4,1333,743,0,1,0,0,0,0,0,0,0,0,0,0
1704565080340309100,14.5,60.4,1197,723,0,0,0,0,0,0,0,0,0,0,0,0
1704565081359275300,10.6,60.4,852,625,0,0,0,0,0,0,0,0,0,0,0,0
1704565082380231700,12.3,60.4,539,765,0,3,0,0,0,0,0,0,0,0,0,0
1704565083402167300,13.5,60.4,846,844,0,1,0,0,0,0,0,0,0,0,0,0
1704565084935084000,13.0,60.4,980,1094,0,2,0,0,0,0,0,0,0,0,0,0
1704565085446051200,12.1,60.4,1337,700,0,0,0,0,0,0,0,0,0,0,0,0
1704565086457985600,16.1,60.2,1382,447,0,0,1,0,0,0,0,0,0,0,0,0
1704565087470945700,10.1,60.2,1194,546,0,1,0,0,0,0,0,0,0,0,0,0
1704565088486380000,13.9,60.2,1247,787,0,1,0,0,0,0,0,0,0,0,0,0
1704565090006283800,12.9,60.2,980,904,0,0,0,1,0,0,0,0,0,0,0,0
1704565090516250900,15.1,60.2,1016,881,0,0,0,6,0,0,0,0,0,0,0,0
1704565091533181800,12.8,60.2,1218,785,0,0,0,0,0,0,0,0,0,0,0,0
1704565092556131200,11.1,60.2,1577,719,0,0,0,0,0,0,0,0,0,0,0,0
1704565093581110900,18.0,60.2,1235,501,0,1,0,0,0,0,0,0,0,0,0,0
1704565094603045100,11.1,60.2,1066,713,0,2,0,0,0,0,0,0,0,0,0,0
1704565095621983300,12.1,60.2,1317,556,0,1,0,0,0,0,0,0,0,0,0,0
1704565096636421900,10.9,60.2,1254,559,0,0,0,0,0,0,0,0,0,0,0,0
1704565097651350100,11.9,60.2,1311,567,0,0,0,1,0,0,0,0,0,0,0,0
1704565098667306600,16.6,60.2,1411,245,0,0,0,0,0,0,0,0,0,0,0,0
1704565099681240500,10.4,60.2,1395,329,0,1,0,0,0,0,0,0,0,0,0,0
1704565101212141500,11.1,60.2,1255,488,0,1,0,0,0,0,0,0,0,0,0,0
1704565101724122600,9.8,60.2,1262,480,0,0,0,1,0,0,0,0,0,0,0,0
1704565102748082500,13.0,60.2,1049,864,0,0,0,0,0,0,0,0,0,0,0,0
1704565103762010500,12.8,60.2,1359,478,0,2,0,0,0,0,0,0,0,0,0,0
1704565104790951400,13.9,60.2,1221,564,0,1,0,0,0,0,0,0,0,0,0,0
1704565105809380400,14.5,60.2,952,666,0,0,0,0,0,0,0,0,0,0,0,0
1704565106827311400,11.7,60.2,1178,616,0,0,0,1,0,0,0,0,0,0,0,0
1704565107841251700,11.4,60.2,1232,572,0,1,0,0,0,0,0,0,0,0,0,0
1704565108854179000,13.2,60.2,998,982,0,0,0,0,0,0,0,0,0,0,0,0
1704565110388115900,11.6,60.2,849,901,0,1,0,0,0,0,0,0,0,0,0,0
1704565110901086000,17.7,60.2,1246,1109,0,0,0,0,0,0,0,0,0,0,0,0
1704565111925022700,23.2,60.2,1291,1283,0,0,0,0,0,0,0,0,0,0,0,0
1704565112946957500,12.5,60.2,1275,1299,0,0,0,0,0,0,0,0,0,0,0,0
1704565113964398400,10.6,60.2,1050,1296,0,0,0,0,0,0,0,0,0,0,0,0
1704565114985332300,11.8,60.2,1096,1295,1,0,0,0,0,0,0,0,0,0,0,0
1704565116004292000,16.8,60.2,1191,1159,0,0,0,0,0,0,0,0,0,0,0,0
1704565117016231300,12.1,60.2,1329,814,0,1,0,0,0,0,0,0,0,0,0,0
1704565118031159900,12.3,60.2,1392,525,0,1,0,0,0,0,0,0,0,0,0,0
1704565119549056200,13.3,60.2,1234,436,0,0,0,0,0,0,0,0,0,0,0,0
1704565120563984500,16.3,60.2,1516,320,0,0,0,0,0,0,0,0,0,0,0,0
1704565121076958300,13.0,60.2,1513,323,0,1,0,0,0,0,0,0,0,0,0,0
1704565122590368200,13.5,59.5,1455,240,0,0,0,0,0,0,0,0,0,0,0,0
1704565123103337000,10.9,59.4,1391,243,0,0,0,0,0,0,0,0,0,0,0,0
1704565124627231100,9.4,59.4,1219,536,0,1,0,0,0,0,0,0,0,0,0,0
1704565125643182400,16.9,59.4,1216,540,0,0,0,0,0,0,0,0,0,0,0,0
1704565126154150000,11.9,59.4,1076,530,0,0,0,0,0,0,0,0,0,0,0,0
1704565127175083600,11.6,59.4,1193,595,0,0,0,0,0,0,0,0,0,0,0,0
1704565128193048000,10.1,59.4,1207,555,0,1,0,0,0,0,0,0,0,0,0,0
1704565129217985500,12.7,59.4,1321,357,0,1,0,0,0,0,0,0,0,0,0,0
1704565130242418700,14.1,59.4,1187,502,0,0,0,0,0,0,0,0,0,0,0,0
1704565131262357900,10.7,59.4,1199,379,0,0,0,0,0,0,0,0,0,0,0,0
1704565132284292700,10.8,59.4,1186,442,0,1,0,0,0,0,0,0,0,0,0,0
1704565133306228200,14.5,59.4,1135,522,0,0,0,0,0,0,0,0,0,0,0,0
1704565134325192300,11.1,59.4,1250,338,0,2,0,0,0,0,0,0,0,0,0,0
1704565135350129900,13.6,59.4,1251,342,0,1,0,0,0,0,0,0,0,0,0,0
1704565136370063300,12.4,59.5,1049,414,0,0,0,0,0,0,0,0,0,0,0,0
1704565137390016100,10.8,59.5,780,476,0,0,0,0,0,0,0,0,0,0,0,0
1704565138413958900,12.1,59.5,878,419,0,0,0,0,0,0,0,0,0,0,0,0
1704565139436391300,11.1,59.4,1226,650,0,1,0,0,0,0,0,0,0,0,0,0
1704565140462361800,14.0,59.5,1234,665,0,0,5,0,0,0,0,0,0,0,0,0
1704565141486298600,14.9,59.5,1199,661,0,0,0,0,0,0,0,0,0,0,0,0
1704565142508233400,10.9,59.5,1262,751,0,0,0,0,0,0,0,0,0,0,0,0
1704565143528173100,13.3,59.5,1262,751,0,0,0,0,0,0,0,0,0,0,0,0
1704565144548106200,12.1,59.4,1262,751,0,0,0,0,0,0,0,0,0,0,0,0
1704565145562041100,11.8,59.5,1710,538,0,0,0,0,0,0,0,0,0,0,0,0
1704565146574994800,12.0,59.5,1519,574,0,0,0,0,0,0,0,0,0,0,0,0
1704565147589419500,12.2,59.4,1519,574,0,0,0,0,0,0,0,0,0,0,0,0
1704565148611354600,9.6,59.5,1716,565,0,0,0,0,0,0,0,0,0,0,0,0
1704565149633297800,13.5,59.4,1507,567,0,0,0,0,0,0,0,0,0,0,0,0
1704565150655232900,17.2,59.4,1532,521,2,0,0,0,0,0,0,0,0,0,0,0
1704565151677181900,11.6,59.4,1950,220,1,0,0,0,0,0,0,0,0,0,0,0
1704565152690128000,9.1,59.4,1950,220,0,0,0,0,0,0,0,0,0,0,0,0
1704565153711083100,10.9,59.4,1950,220,0,0,0,0,0,0,0,0,0,0,0,0
1704565154732023000,10.6,59.4,1950,220,0,0,0,0,0,0,0,0,0,0,0,0
1704565156249420900,11.4,59.4,1950,220,0,0,0,0,0,0,0,0,0,0,0,0
1704565156761389100,16.6,59.4,1950,220,0,0,0,0,0,0,0,0,0,0,0,0
1704565158281313300,19.4,59.4,1950,220,0,0,0,0,0,0,0,0,0,0,0,0
1704565158793281400,10.4,59.4,1950,220,0,0,0,0,0,0,0,0,0,0,0,0
1704565159815216900,11.3,59.4,1950,220,0,0,0,0,0,0,0,0,0,0,0,0
1704565160835169600,13.5,59.4,1971,451,1,0,0,0,0,0,0,0,0,0,0,0
1704565162365070400,11.8,59.4,2064,373,0,1,0,0,0,0,0,0,0,0,0,0
1704565162880545500,13.8,59.4,2078,366,0,1,0,0,0,0,0,0,0,0,0,0
1704565163902016200,10.6,59.4,2078,509,0,0,0,0,0,0,0,0,0,0,0,0
1704565164923448000,11.8,59.4,2057,616,0,0,0,0,0,0,0,0,0,0,0,0
1704565165943381600,13.6,59.4,2041,627,0,1,0,0,0,0,0,0,0,0,0,0
1704565166965331000,16.9,59.4,1529,141,0,1,0,0,0,0,0,0,0,0,0,0
1704565167990268600,12.3,59.4,2018,657,0,0,0,0,0,0,0,0,0,0,0,0
1704565169010202200,12.3,59.4,2205,693,0,1,0,0,0,0,0,0,0,0,0,0
1704565170027165300,11.7,59.4,2311,1084,0,0,0,0,0,0,0,0,0,0,0,0
1704565171040092000,12.6,59.4,2253,955,0,1,0,0,0,0,0,0,0,0,0,0
1704565172059024200,24.9,59.5,2257,962,0,0,0,0,0,0,0,0,0,0,0,0
1704565173071963500,11.1,59.4,2249,962,0,0,0,0,0,0,0,0,0,0,0,0
1704565174091399600,13.5,59.4,2107,802,0,1,0,0,0,0,0,0,0,0,0,0
1704565175110331900,11.1,59.4,1603,739,0,1,0,0,0,0,0,0,0,0,0,0
1704565176127330400,12.6,59.4,2016,734,0,2,0,0,0,0,0,0,0,0,0,0
1704565177151267000,13.7,59.4,1972,763,0,0,0,0,0,0,0,0,0,0,0,0
1704565178173201200,10.8,59.4,1913,735,0,0,0,0,0,0,0,0,0,0,0,0
1704565179193146700,10.4,59.4,1908,653,0,0,0,0,0,0,0,0,0,0,0,0
1704565180216095700,9.9,59.4,1900,664,0,0,0,0,0,0,0,0,0,0,0,0
1704565181235052600,10.1,59.4,1779,646,0,1,0,0,0,0,0,0,0,0,0,0
1704565182250008500,10.1,59.4,1754,646,0,0,0,0,0,0,0,0,0,0,0,0
1704565183274442600,11.0,59.4,1715,623,0,0,0,0,0,0,0,0,0,0,0,0
1704565184294375500,12.1,59.4,1763,674,0,1,0,0,0,0,0,0,0,0,0,0
1704565185316322500,11.1,59.4,1911,636,0,0,0,0,0,0,0,0,0,0,0,0
1704565186846229600,12.1,59.4,1469,638,0,0,0,0,0,0,0,0,0,0,0,0
1704565187360213500,13.1,59.4,1993,586,0,0,0,0,0,0,0,0,0,0,0,0
1704565188375163600,11.8,59.4,2281,586,0,0,0,0,0,0,0,0,0,0,0,0
1704565189389091200,14.4,59.4,1754,606,0,1,0,0,0,0,0,0,0,0,0,0
1704565190405027400,10.9,59.4,1849,667,0,1,0,0,0,0,0,0,0,0,0,0
1704565191421964900,13.4,59.4,1766,675,0,0,1,0,0,0,0,0,0,0,0,0
1704565192446399200,10.8,59.4,1643,732,0,0,0,0,0,0,0,0,0,0,0,0
1704565193461355300,13.1,59.4,1643,721,0,0,0,0,0,0,0,0,0,0,0,0
1704565194477292400,12.3,59.4,1447,684,0,1,1,0,0,0,0,0,0,0,0,0
1704565195507234100,9.8,59.4,1426,686,0,0,4,0,0,0,0,0,0,0,0,0
1704565196525179600,13.0,59.4,1443,660,0,0,0,0,0,0,0,0,0,0,0,0
1704565198054078700,13.7,59.4,1336,586,0,1,0,0,0,0,0,0,0,0,0,0
1704565199078015900,14.1,59.4,1377,571,0,0,0,1,0,0,0,0,0,0,0,0
1704565199590018200,16.4,59.4,1294,762,0,0,0,15,0,0,0,0,0,0,0,0
1704565200609447800,10.3,59.4,1266,822,0,1,0,16,0,0,0,0,0,0,0,0
1704565201630382200,15.6,59.4,1269,831,0,0,0,16,0,0,0,0,0,0,0,0
1704565202649327600,13.6,59.4,1387,529,0,0,0,16,0,0,0,0,0,0,0,0
1704565203666258700,17.3,59.4,1365,580,0,0,0,0,0,0,0,0,0,0,0,0
1704565204691223500,11.1,59.4,1266,506,0,1,0,0,0,0,0,0,0,0,0,0
1704565205710206200,13.5,59.4,1230,724,0,0,0,0,0,0,0,0,0,0,0,0
1704565207240105900,13.7,59.4,1269,672,0,0,0,0,0,0,0,0,0,0,0,0
1704565207754082200,11.4,59.4,1262,679,0,0,0,0,0,0,0,0,0,0,0,0
1704565208774028200,15.6,59.4,1193,598,0,0,0,0,0,0,0,0,0,0,0,0
1704565209793961900,15.6,59.4,1587,527,0,0,0,0,0,0,0,0,0,0,0,0
1704565210817395400,13.5,59.4,936,719,0,1,0,0,0,0,0,0,0,0,0,0
1704565211832359400,10.6,59.4,632,1013,0,0,0,0,0,0,0,0,0,0,0,0
1704565212845285200,12.5,59.4,619,1018,0,0,0,0,0,0,0,0,0,0,0,0
1704565213860227000,13.9,59.4,517,977,0,2,0,0,0,0,0,0,0,0,0,0
1704565215385122000,10.3,59.4,874,917,0,1,0,0,0,0,0,0,0,0,0,0
1704565216403058900,9.8,59.4,1217,594,0,0,0,0,0,0,0,0,0,0,0,0
1704565216914054500,14.3,59.4,872,751,0,1,0,0,0,0,0,0,0,0,0,0
1704565218442959300,11.6,59.4,1226,746,0,0,0,0,0,0,0,0,0,0,0,0
1704565218956432600,14.5,59.4,1181,695,0,0,0,0,0,0,0,0,0,0,0,0
1704565219969371900,11.5,59.4,1171,689,0,0,0,2,0,0,0,0,0,0,0,0
1704565220982299700,12.7,59.4,1174,690,0,0,0,15,0,0,0,0,0,0,0,0
1704565221994226200,13.3,59.4,1174,690,0,0,0,15,0,0,0,0,0,0,0,0
1704565223009167700,10.4,59.4,1174,690,0,0,0,16,0,0,0,0,0,0,0,0
1704565224022094900,9.6,59.4,1331,636,0,0,0,16,0,0,0,0,0,0,0,0
1704565225036022000,10.6,59.4,1463,614,0,0,0,15,0,0,0,0,0,0,0,0
1704565226046960300,12.3,59.4,1687,618,0,0,0,16,0,0,0,0,0,0,0,0
1704565227567348500,10.6,59.4,1650,631,0,0,0,15,0,0,0,0,0,0,0,0
1704565228075344900,11.4,59.4,1650,631,0,0,0,15,0,0,0,0,0,0,0,0
1704565229092282300,10.3,59.4,1650,631,0,0,0,15,0,0,0,0,0,0,0,0
1704565230106216300,16.6,59.4,1652,626,0,1,0,15,0,0,0,0,0,0,0,0
1704565231115152300,11.7,59.4,1667,618,0,0,0,6,0,0,0,0,0,0,0,0
1704565232135085200,11.3,59.4,1657,616,0,0,0,0,0,0,0,0,0,0,0,0
1704565233155019600,16.9,59.4,1657,614,0,0,0,1,0,0,0,0,0,0,0,0
1704565234163976900,13.5,59.4,1631,615,0,0,0,4,0,0,0,0,0,0,0,0
1704565235178409500,14.8,59.4,1264,516,0,1,0,15,0,0,0,0,0,0,0,0
1704565236695297000,11.1,59.4,1151,764,0,1,0,15,0,0,0,0,0,0,0,0
1704565237203268800,12.3,59.4,1151,764,0,0,0,15,0,0,0,0,0,0,0,0
1704565238224209600,15.8,59.4,866,818,0,0,0,0,0,0,0,0,0,0,0,0
1704565239248146100,10.6,59.4,358,974,0,0,0,0,0,0,0,0,0,0,0,0
1704565240264109200,18.0,59.4,603,1019,0,0,0,0,0,0,0,0,0,0,0,0
1704565241283570200,13.3,59.4,1217,1053,0,0,0,0,0,0,0,0,0,0,0,0
1704565242294019800,12.2,59.4,1395,793,0,1,0,0,0,0,0,0,0,0,0,0
1704565243310950400,11.7,59.4,1324,703,0,0,0,0,0,0,0,0,0,0,0,0
1704565244321406500,15.3,59.4,1575,627,0,0,0,0,0,0,0,0,0,0,0,0
1704565245335334600,14.7,59.4,1252,878,0,1,0,0,0,0,0,0,0,0,0,0
1704565246350263000,10.6,59.4,1288,653,0,0,0,0,0,0,0,0,0,0,0,0
1704565247885174200,12.8,59.4,1355,668,0,0,0,0,0,0,0,0,0,0,0,0
1704565248906114300,12.3,59.4,1333,722,0,0,0,0,0,0,0,0,0,0,0,0
1704565249421085100,13.3,59.4,1334,721,0,0,0,0,0,0,0,0,0,0,0,0
1704565250441051300,18.7,59.4,1438,594,0,1,0,0,0,0,0,0,0,0,0,0
1704565251454984800,10.6,59.4,1437,594,0,0,1,0,0,0,0,0,0,0,0,0
1704565252979389200,11.6,59.4,1587,493,0,2,15,0,0,0,0,0,0,0,0,0
1704565254000344200,15.9,59.4,1403,488,0,0,1,0,0,0,0,0,0,0,0,0
1704565255024281700,10.9,59.4,1341,525,0,0,0,0,0,0,0,0,0,0,0,0
1704565255536257400,13.6,59.4,1355,528,0,0,0,0,0,0,0,0,0,0,0,0
1704565256555223000,15.1,59.4,1561,559,0,0,0,0,0,0,0,0,0,0,0,0
1704565258085130100,12.5,59.4,500,1023,0,1,0,0,0,0,0,0,0,0,0,0
1704565258598105600,13.5,59.4,388,941,0,1,0,0,0,0,0,0,0,0,0,0
1704565259621055300,12.4,59.4,456,915,0,3,0,0,0,0,0,0,0,0,0,0
1704565261148977200,12.8,59.4,574,894,0,3,0,0,0,0,0,0,0,0,0,0
1704565262168440700,12.6,59.4,1251,580,0,1,0,0,0,0,0,0,0,0,0,0
1704565263192377300,16.4,59.4,1390,604,0,0,0,0,0,0,0,0,0,0,0,0
1704565263704345500,12.8,59.4,1267,733,0,0,0,0,0,0,0,0,0,0,0,0
1704565264726281100,11.6,59.4,1562,668,0,0,0,0,0,0,0,0,0,0,0,0
1704565265746226400,12.8,59.4,1496,686,0,1,0,0,0,0,0,0,0,0,0,0
1704565266769169200,17.1,59.4,1496,686,0,0,0,0,0,0,0,0,0,0,0,0
1704565267792105600,10.7,59.4,1522,620,0,2,0,0,0,0,0,0,0,0,0,0
1704565268813040400,14.6,59.4,1149,584,0,1,0,0,0,0,0,0,0,0,0,0
1704565269831979600,13.9,59.4,1173,537,0,1,0,0,0,0,0,0,0,0,0,0
1704565270853417600,11.1,59.5,1115,542,0,1,0,0,0,0,0,0,0,0,0,0
1704565271877354700,16.2,59.5,1227,502,0,0,0,0,0,0,0,0,0,0,0,0
1704565273403271400,13.3,59.5,1252,704,0,0,0,1,0,0,0,0,0,0,0,0
1704565274424218800,11.9,59.5,1372,584,0,1,0,1,0,0,0,0,0,0,0,0
1704565275448155500,12.5,59.4,1500,377,0,0,0,10,0,0,0,0,0,0,0,0
1704565276461095000,12.1,59.4,1491,499,0,1,0,1,0,0,0,0,0,0,0,0
1704565277475063400,18.5,59.4,1528,359,0,1,0,0,1,0,0,0,0,0,0,0
1704565277983028000,13.5,59.4,1257,498,0,1,0,0,8,0,0,0,0,0,0,0
1704565279000959500,14.4,59.4,1255,505,0,0,0,0,1,0,0,0,0,0,0,0
1704565280012415800,10.4,59.4,1341,631,0,0,0,0,11,0,0,0,0,0,0,0
1704565281532305800,11.8,59.4,1370,651,0,0,0,0,0,0,0,0,0,0,0,0
1704565282046276700,17.6,59.4,1431,591,0,0,0,0,3,0,0,0,0,0,0,0
1704565283065222000,11.3,59.4,1504,526,0,0,0,0,0,0,0,0,0,0,0,0
1704565284082151900,11.9,59.4,1468,580,0,0,0,0,0,1,0,0,0,0,0,0
1704565285103093800,12.4,59.4,1547,591,0,0,0,0,0,1,0,0,0,0,0,0
1704565286124034800,12.0,59.4,1419,625,0,0,0,0,0,0,0,0,0,0,0,0
1704565287143969200,15.6,59.4,1419,626,0,0,0,1,1,0,0,0,0,0,0,0
1704565288664370300,15.6,59.4,1222,590,0,0,0,0,0,0,0,0,0,0,0,0
1704565289678297600,12.6,59.4,1323,522,0,0,0,0,0,0,0,0,0,0,0,0
1704565290190267200,12.6,59.4,1600,660,0,1,0,0,0,0,0,0,0,0,0,0
1704565291217247100,13.5,59.4,1368,686,0,1,0,0,0,0,0,0,0,0,0,0
1704565292743170300,13.5,59.4,1226,225,0,0,0,0,0,0,0,0,0,0,0,0
1704565293250142300,20.5,59.5,1182,285,0,0,0,0,0,0,0,0,0,0,0,0
1704565294278090400,15.3,59.4,1218,208,0,0,0,0,0,0,0,0,0,0,0,0
1704565295295021100,9.6,59.4,1220,805,0,0,0,0,0,0,0,0,0,0,0,0
1704565296317968200,14.1,59.4,1181,768,0,0,0,0,0,0,0,0,0,0,0,0
1704565297842394700,13.9,59.4,1060,827,0,0,0,0,0,0,0,0,0,0,0,0
1704565298357371600,11.6,59.4,1146,797,0,0,0,0,0,0,0,0,0,0,0,0
1704565299377306100,11.1,59.4,1193,799,0,0,0,0,0,0,0,0,0,0,0,0
1704565300397254300,14.3,59.4,1325,584,0,0,0,0,0,0,0,0,0,0,0,0
1704565301419190100,13.4,59.4,1321,557,0,0,0,0,0,0,0,0,0,0,0,0
1704565302945121600,11.3,59.4,822,946,0,0,0,0,0,0,0,0,0,0,0,0
1704565303460092600,12.3,59.4,1508,606,0,1,0,0,0,0,0,0,0,0,0,0
1704565304991015000,13.4,59.4,1322,375,0,0,0,0,0,0,0,0,0,0,0,0
1704565305504991400,11.1,59.4,1244,388,0,0,0,0,0,0,0,0,0,0,0,0
1704565306526436100,14.0,59.4,1096,363,0,0,0,0,0,0,0,0,0,0,0,0
1704565308046327500,9.6,59.4,1291,408,0,1,0,0,0,0,0,0,0,0,0,0
1704565308556321100,16.1,59.4,951,584,0,2,0,0,0,0,0,0,0,0,0,0
1704565310074223800,10.2,59.4,1143,757,0,0,0,9,0,0,0,0,0,0,0,0
1704565310586191600,12.2,59.4,1118,781,0,1,0,1,0,0,0,0,0,0,0,0
1704565311601128000,11.8,59.4,1048,757,0,1,0,15,0,0,0,0,0,0,0,0
1704565312614054100,13.6,59.4,1101,825,0,0,0,0,0,0,0,0,0,0,0,0
1704565313630996800,20.7,59.4,1369,1032,0,0,0,0,0,0,0,0,0,0,0,0
1704565314649464400,10.4,59.4,1320,1032,0,0,0,0,0,0,0,0,0,0,0,0
1704565315668417300,11.9,59.4,1325,1042,0,0,0,0,0,0,0,0,0,0,0,0
1704565316689352800,13.9,59.4,1681,547,0,0,0,0,0,0,0,0,0,0,0,0
1704565317713295800,13.6,59.4,1923,204,0,0,0,0,0,0,0,0,0,0,0,0
1704565319233194700,16.3,59.4,1922,223,0,0,0,0,0,0,0,0,0,0,0,0
1704565320248146900,11.2,59.4,1922,223,0,0,0,0,0,0,0,0,0,0,0,0
1704565321263120700,10.4,59.4,1922,223,0,0,0,0,0,0,0,0,0,0,0,0
1704565321775089500,15.1,59.4,1935,204,0,0,0,0,0,0,0,0,0,0,0,0
1704565322796023600,12.7,59.4,1102,916,0,0,0,0,0,0,0,0,0,0,0,0
1704565324325425200,14.8,59.4,1078,899,0,0,0,0,0,0,0,0,0,0,0,0
1704565324841397200,13.0,59.4,1072,915,0,0,0,0,0,0,0,0,0,0,0,0
1704565325858327800,15.6,59.4,1174,923,0,0,0,0,0,0,0,0,0,0,0,0
1704565326870308800,15.5,59.4,1286,1079,0,0,0,0,0,0,0,0,0,0,0,0
1704565328391200100,12.2,59.4,1100,1279,1,0,0,0,0,0,0,0,0,0,0,0
1704565328901166900,13.2,59.4,1158,1260,0,0,0,0,0,0,0,0,0,0,0,0
1704565329918109500,10.4,59.4,1334,1101,0,0,0,0,0,0,0,0,0,0,0,0
1704565331447016300,12.3,59.4,1184,1205,0,0,0,0,0,0,0,0,0,0,0,0
1704565332468951000,11.3,59.4,1182,1222,0,0,0,0,0,0,0,0,0,0,0,0
1704565332984419100,13.1,59.4,1190,1226,0,0,0,0,0,0,0,0,0,0,0,0
1704565334006359600,12.1,59.4,1234,919,0,0,0,0,0,0,0,0,0,0,0,0
1704565335028300500,10.9,59.4,1507,742,0,1,0,0,0,0,0,0,0,0,0,0
1704565336051236400,13.1,59.4,1503,520,0,0,0,0,0,0,0,0,0,0,0,0
1704565337577146200,13.1,59.4,2026,678,0,3,0,0,0,0,0,0,0,0,0,0
1704565338592094200,12.4,59.4,2063,768,0,3,0,0,0,0,0,0,0,0,0,0
1704565339106087700,11.2,59.4,1961,695,0,2,0,0,0,0,0,0,0,0,0,0
1704565340129024500,15.0,59.4,1345,713,0,0,0,0,0,0,0,0,0,0,0,0
1704565341150965600,11.3,59.4,1521,638,0,0,0,0,0,0,0,0,0,0,0,0
1704565342171395600,12.8,59.4,1468,655,0,0,0,0,0,0,0,0,0,0,0,0
1704565343195372800,10.8,59.4,1455,667,0,0,0,0,0,0,0,0,0,0,0,0
1704565344223318700,13.2,59.4,1408,714,0,1,0,0,0,0,0,0,0,0,0,0
1704565345751222700,13.0,59.4,1472,616,0,3,0,0,0,0,0,0,0,0,0,0
1704565346264198900,13.5,59.4,1524,635,0,2,0,0,0,0,0,0,0,0,0,0
1704565347279132700,11.1,59.4,1618,683,0,2,0,0,0,0,0,0,0,0,0,0
1704565348302069700,12.3,59.4,1560,705,0,2,0,0,0,0,0,0,0,0,0,0
1704565349314027200,12.8,59.4,1492,729,0,1,0,0,0,0,0,0,0,0,0,0
1704565350337964000,14.8,59.4,1279,691,0,0,0,0,0,0,0,0,0,0,0,0
1704565351353390200,12.4,59.4,1466,718,0,0,0,0,0,0,0,0,0,0,0,0
1704565352371333400,11.2,59.4,1466,719,0,0,0,0,0,0,0,0,0,0,0,0
1704565353396270700,11.6,59.4,1447,655,0,1,0,0,0,0,0,0,0,0,0,0
1704565354420208100,20.1,59.6,1448,668,0,2,0,0,0,0,0,0,0,0,0,0
1704565355433168000,15.6,59.5,1095,659,0,0,0,0,0,0,0,0,0,0,0,0
1704565356451099800,10.1,59.5,1378,621,0,0,0,0,0,0,0,0,0,0,0,0
1704565357964985700,19.9,59.9,1744,656,0,2,0,0,0,0,0,0,0,0,0,0
1704565358475965200,15.6,59.5,1833,704,0,2,0,0,0,0,0,0,0,0,0,0
1704565359993349500,10.1,59.5,1634,677,0,1,0,0,0,0,0,0,0,0,0,0
1704565360505318100,14.4,59.4,1633,683,0,2,0,0,0,0,0,0,0,0,0,0
1704565361526284400,10.6,59.3,1613,718,0,3,0,0,0,0,0,0,0,0,0,0
1704565362544215900,10.9,59.3,1597,718,0,2,0,0,0,0,0,0,0,0,0,0
1704565363568160300,10.9,59.4,854,554,0,1,0,0,0,0,0,0,0,0,0,0
1704565365093062800,13.7,59.4,1622,599,0,1,0,0,0,0,0,0,0,0,0,0
1704565365609035100,16.7,59.4,1538,629,0,0,0,0,0,0,0,0,0,0,0,0
1704565366630970500,15.6,59.3,1325,735,0,1,0,0,0,0,0,0,0,0,0,0
1704565367650434200,15.3,59.4,1511,690,0,0,0,0,0,0,0,0,0,0,0,0
1704565368671369100,12.0,59.3,1601,672,0,1,0,0,0,0,0,0,0,0,0,0
1704565369693304300,13.0,59.3,1242,444,0,1,0,0,0,0,0,0,0,0,0,0
1704565371222210600,13.7,59.3,1163,501,0,1,0,0,0,0,0,0,0,0,0,0
1704565371736180600,10.9,59.3,1183,695,0,1,0,0,0,0,0,0,0,0,0,0
1704565372753141600,12.5,59.3,1332,959,0,1,0,0,0,0,0,0,0,0,0,0
1704565373775103200,10.6,59.4,1240,935,0,0,0,0,0,0,0,0,0,0,0,0
1704565374794035600,13.2,59.3,1374,623,0,1,0,0,0,0,0,0,0,0,0,0
1704565375807489500,10.1,59.4,1236,566,0,2,0,0,0,0,0,0,0,0,0,0
1704565376826427500,16.8,59.3,1314,580,0,2,0,0,0,0,0,0,0,0,0,0
1704565377841356300,16.1,59.4,1285,586,0,2,0,0,0,0,0,0,0,0,0,0
1704565379358278100,10.4,59.4,1233,621,0,1,0,0,0,0,0,0,0,0,0,0
1704565379868251800,10.4,59.3,1271,582,0,1,0,0,0,0,0,0,0,0,0,0
1704565380880184700,10.7,59.3,1281,603,0,0,0,1,0,0,0,0,0,0,0,0
1704565381897128600,15.0,59.4,1307,595,0,1,0,0,9,0,0,0,0,0,0,0
1704565382911062700,12.9,59.3,1245,623,0,0,0,0,0,0,0,0,0,0,0,0
1704565384431953800,10.3,59.4,1242,629,0,0,0,0,0,0,0,0,0,0,0,0
1704565384937950400,16.8,59.3,1235,636,0,0,0,0,0,0,0,0,0,0,0,0
1704565385957386600,12.6,59.3,1191,613,0,0,0,0,0,0,0,0,0,0,0,0
1704565386977320900,16.6,59.3,1116,615,0,0,0,1,0,0,0,0,0,0,0,0
1704565387998261900,14.2,59.4,1109,599,0,0,0,8,0,0,0,0,0,0,0,0
1704565389524159500,11.1,59.3,1086,747,0,1,0,0,0,0,0,0,0,0,0,0
1704565390032124200,21.2,59.3,1357,731,0,1,0,0,0,0,0,0,0,0,0,0
1704565391047058900,14.3,59.3,1336,653,0,1,0,1,0,0,0,0,0,0,0,0
1704565392063027200,14.9,59.4,1374,543,0,0,0,0,1,0,0,0,0,0,0,0
1704565393076968000,11.9,59.4,1494,494,0,0,0,0,0,0,0,0,0,0,0,0
1704565394595355200,9.4,59.3,1468,516,0,0,0,0,0,0,0,0,0,0,0,0
1704565395107323100,12.2,59.3,1375,619,0,1,0,0,0,0,0,0,0,0,0,0
1704565396125255100,11.8,59.3,1184,1071,0,0,0,0,0,0,0,0,0,0,0,0
1704565397146190200,17.3,59.4,1117,1052,0,0,0,0,0,0,0,0,0,0,0,0
1704565398167130500,12.4,59.3,1123,1042,0,0,0,0,0,0,0,0,0,0,0,0
1704565399189065900,13.0,59.4,1182,887,0,0,0,0,0,0,0,0,0,0,0,0
1704565400214002700,11.0,59.4,1416,589,0,1,0,0,0,0,0,0,0,0,0,0
1704565401230965800,12.5,59.4,1297,531,0,2,0,0,0,0,0,0,0,0,0,0
1704565402254399700,15.1,59.4,1169,608,0,2,0,0,0,0,0,0,0,0,0,0
1704565403268327200,14.0,59.4,1247,727,0,2,0,0,0,0,0,0,0,0,0,0
1704565404788230200,12.5,59.4,1431,611,0,0,0,0,0,0,0,0,0,0,0,0
1704565405297197100,16.6,59.4,1389,655,0,2,0,0,0,0,0,0,0,0,0,0
1704565406316130500,13.0,59.4,1213,729,0,2,0,0,0,0,0,0,0,0,0,0
1704565407343104000,11.3,59.4,1250,567,0,3,0,0,0,0,0,0,0,0,0,0
1704565408358033000,10.9,59.4,1343,603,0,2,0,0,0,0,0,0,0,0,0,0
1704565409375964800,11.9,59.4,1298,493,0,2,0,0,0,0,0,0,0,0,0,0
1704565410398404000,11.8,59.4,1180,804,0,3,0,0,0,0,0,0,0,0,0,0
1704565411915299800,13.2,59.4,1286,832,0,2,0,0,0,0,0,0,0,0,0,0
1704565412424265300,13.4,59.3,1083,764,0,3,0,0,0,0,0,0,0,0,0,0
1704565413445221500,13.2,59.4,807,603,0,0,0,0,0,0,0,0,0,0,0,0
1704565414465155400,12.2,59.4,989,580,0,0,0,0,0,0,0,0,0,0,0,0
1704565415487106500,17.3,59.4,1272,332,0,0,0,0,0,0,0,0,0,0,0,0
1704565416510038200,11.8,59.4,1462,363,0,1,0,0,0,0,0,0,0,0,0,0
1704565418028430700,16.8,59.4,1391,440,0,0,0,0,0,0,0,0,0,0,0,0
1704565418536430000,11.1,59.4,1384,444,0,1,0,0,0,0,0,0,0,0,0,0
1704565419556363200,12.2,59.4,1560,368,0,0,0,0,0,0,0,0,0,0,0,0
1704565421085262400,10.7,59.4,1456,389,0,0,0,0,0,0,0,0,0,0,0,0
1704565422104201700,11.8,59.4,1134,561,0,0,0,0,0,0,0,0,0,0,0,0
1704565422617170400,13.1,59.4,1213,570,0,0,0,0,0,0,0,0,0,0,0,0
1704565423642108700,14.4,59.4,1440,260,0,1,0,0,0,0,0,0,0,0,0,0
1704565425158035700,11.9,59.4,1270,340,0,0,0,5,0,0,0,0,0,0,0,0
1704565425671004700,13.8,59.4,1156,448,0,1,0,15,0,0,0,0,0,0,0,0
1704565426698442400,9.6,59.4,1137,463,0,0,0,0,0,0,0,0,0,0,0,0
1704565427720384100,17.6,59.4,1128,377,0,1,0,1,0,0,0,0,0,0,0,0
1704565428738315600,15.1,59.4,1157,445,0,3,0,16,0,0,0,0,0,0,0,0
1704565429758249100,11.2,59.4,1157,453,0,3,0,16,0,0,0,0,0,0,0,0
1704565430778215300,12.4,59.4,1097,459,0,3,0,15,0,0,0,0,0,0,0,0
1704565431796146700,12.3,59.4,911,491,0,2,0,15,0,0,0,0,0,0,0,0
1704565432818082000,12.3,59.4,1002,548,0,2,0,15,0,0,0,0,0,0,0,0
1704565433840023800,18.0,59.4,1071,753,0,3,0,5,0,0,0,0,0,0,0,0
1704565434860963300,14.3,59.4,830,1196,0,2,0,0,0,0,0,0,0,0,0,0
1704565435885406000,13.7,59.4,930,1227,0,3,0,0,0,0,0,0,0,0,0,0
1704565436903370900,24.1,59.4,901,1234,0,3,0,0,0,0,0,0,0,0,0,0
1704565437923305700,14.1,59.4,974,1192,0,2,0,0,0,0,0,0,0,0,0,0
1704565438945259200,18.3,59.4,881,1163,0,3,0,0,0,0,0,0,0,0,0,0
1704565439964199100,14.0,59.4,698,1125,0,2,0,0,0,0,0,0,0,0,0,0
1704565440984133200,14.6,59.4,705,1270,0,2,0,0,0,0,0,0,0,0,0,0
1704565442003071500,13.6,59.4,479,1230,0,2,0,0,0,0,0,0,0,0,0,0
1704565443023033200,11.1,59.4,440,1223,0,2,0,0,0,0,0,0,0,0,0,0
1704565444047057600,17.8,59.4,833,835,0,1,0,7,0,0,0,0,0,0,0,0
1704565445066990800,12.6,59.4,1224,583,0,2,0,15,0,0,0,0,0,0,0,0
1704565446081422500,15.2,59.4,1209,641,0,2,0,11,0,0,0,0,0,0,0,0
1704565447093348100,14.8,59.4,1231,643,0,2,0,0,5,0,0,0,0,0,0,0
1704565448103293100,13.0,59.4,1182,633,0,2,1,0,0,0,0,0,0,0,0,0
1704565449118241900,16.3,59.4,1188,632,0,2,0,5,0,0,0,0,0,0,0,0
1704565450132176500,10.6,59.4,966,952,0,2,0,0,0,0,0,0,0,0,0,0
1704565451147116600,10.9,59.4,894,968,0,2,0,0,0,0,0,0,0,0,0,0
1704565452162044900,12.4,59.4,1224,529,0,3,0,15,0,0,0,0,0,0,0,0
1704565453178975700,10.4,59.4,1201,551,0,2,0,1,0,0,0,0,0,0,0,0
1704565454192433300,10.9,59.4,1268,559,0,3,0,15,0,0,0,0,0,0,0,0
1704565455206361100,12.5,59.5,1162,544,0,3,0,2,0,0,0,0,0,0,0,0
1704565456226300800,16.1,59.5,1184,571,0,2,0,0,0,1,0,0,0,0,0,0
1704565457246252800,15.0,59.5,1247,816,0,0,0,0,0,0,0,0,0,0,0,0
1704565458270189300,9.6,59.5,2112,628,0,0,0,0,0,0,0,0,0,0,0,0
1704565459292124400,10.2,59.5,2112,628,0,0,0,0,0,0,0,0,0,0,0,0
1704565460314059200,13.1,59.4,2112,628,0,0,0,0,0,0,0,0,0,0,0,0
1704565461337995400,10.9,59.4,2112,628,0,0,0,0,0,0,0,0,0,0,0,0
1704565462358425700,10.4,59.4,2112,628,0,0,0,0,0,0,0,0,0,0,0,0
1704565463380367500,12.0,59.4,2112,628,0,0,0,0,0,0,0,0,0,0,0,0
1704565464403303600,11.3,59.4,2112,628,0,0,0,0,0,0,0,0,0,0,0,0
1704565465422265400,15.1,59.4,2112,628,0,0,0,0,0,0,0,0,0,0,0,0
1704565466442211800,10.1,59.4,2112,628,0,0,0,0,0,0,0,0,0,0,0,0
1704565467461143700,13.2,59.4,1400,681,0,0,0,0,0,0,0,0,0,0,0,0
1704565468483099300,14.1,59.4,535,744,2,0,0,0,0,0,0,0,0,0,0,0
1704565469507037100,11.1,59.4,1932,214,1,0,0,0,0,0,0,0,0,0,0,0
1704565470527978700,19.8,59.4,1928,222,0,0,0,0,0,0,0,0,0,0,0,0
1704565471546442000,13.1,59.4,1928,222,0,0,0,0,0,0,0,0,0,0,0,0
1704565472570385200,12.4,59.4,1102,1288,1,0,0,0,0,0,0,0,0,0,0,0
1704565473592320000,10.8,59.4,1287,1152,0,0,0,0,0,0,0,0,0,0,0,0
1704565474614268300,11.1,59.4,1287,1152,0,0,0,0,0,0,0,0,0,0,0,0
1704565475632229300,22.1,59.5,1287,1152,0,0,0,0,0,0,0,0,0,0,0,0
1704565476654164000,10.8,59.5,1287,1152,0,0,0,0,0,0,0,0,0,0,0,0
1704565477674130600,13.6,59.4,1287,1152,0,0,0,0,0,0,0,0,0,0,0,0
1704565478698068100,12.2,59.4,1287,1152,0,0,0,0,0,0,0,0,0,0,0,0
1704565479720003100,10.9,59.5,1287,1152,0,0,0,0,0,0,0,0,0,0,0,0
1704565480738942000,14.3,59.5,1287,1152,0,0,0,0,0,0,0,0,0,0,0,0
1704565481759379000,11.1,59.4,1287,1152,0,0,0,0,0,0,0,0,0,0,0,0
1704565482773306500,10.4,59.4,1287,1152,0,0,0,0,0,0,0,0,0,0,0,0
1704565483788268500,14.3,59.4,1287,1152,0,0,0,0,0,0,0,0,0,0,0,0
1704565484802203700,10.9,59.4,1287,1152,0,0,0,0,0,0,0,0,0,0,0,0
1704565485816131300,12.0,59.4,1287,1152,0,0,0,0,0,0,0,0,0,0,0,0
1704565486830073500,13.0,59.4,1718,573,1,0,0,0,0,0,0,0,0,0,0,0
1704565487851013600,11.4,59.4,1761,532,0,1,0,0,0,0,0,0,0,0,0,0
1704565488870979200,12.8,59.5,1774,554,0,1,0,0,0,0,0,0,0,0,0,0
1704565489893411800,11.5,59.5,1776,523,0,1,0,0,0,0,0,0,0,0,0,0
1704565490915353700,13.7,59.5,1933,614,0,0,0,0,0,0,0,0,0,0,0,0
1704565491939304900,10.8,59.5,2000,923,0,2,0,0,0,0,0,0,0,0,0,0
1704565492959237900,13.7,59.5,2093,768,0,2,0,0,0,0,0,0,0,0,0,0
1704565493983185000,11.8,59.5,2083,710,0,1,0,0,0,0,0,0,0,0,0,0
1704565495004159600,13.3,59.5,2120,534,0,2,0,0,0,0,0,0,0,0,0,0
1704565496026100500,11.2,59.5,2091,589,0,3,0,0,0,0,0,0,0,0,0,0
1704565497047064300,18.5,59.5,2123,570,0,3,0,0,0,0,0,0,0,0,0,0
1704565498068004800,13.1,59.5,1877,596,0,2,0,0,0,0,0,0,0,0,0,0
1704565499090437200,12.4,59.5,927,548,0,0,0,0,0,0,0,0,0,0,0,0
1704565500108379700,16.0,59.5,926,679,0,1,0,0,0,0,0,0,0,0,0,0
1704565501127368500,11.6,59.5,1577,708,0,1,0,0,0,0,0,0,0,0,0,0
1704565502149303400,14.3,59.5,925,674,0,1,0,0,0,0,0,0,0,0,0,0
1704565503171238900,14.1,59.5,979,669,0,0,0,0,0,0,0,0,0,0,0,0
1704565504194182200,11.8,59.5,1016,680,0,1,0,0,0,0,0,0,0,0,0,0
1704565505216117200,11.8,59.5,1629,735,0,0,0,0,0,0,0,0,0,0,0,0
1704565506236058000,12.1,59.5,1638,744,0,2,0,0,0,0,0,0,0,0,0,0
1704565507254035600,16.3,59.5,1662,668,0,3,0,0,0,0,0,0,0,0,0,0
1704565508273968500,13.0,59.5,1662,673,0,0,0,0,0,0,0,0,0,0,0,0
1704565509286391700,13.2,59.5,1963,555,0,2,0,0,0,0,0,0,0,0,0,0
1704565510301333100,10.6,59.5,1657,644,0,0,0,0,0,0,0,0,0,0,0,0
1704565511316262400,12.1,59.5,1293,662,0,2,0,0,0,0,0,0,0,0,0,0
1704565512330190700,15.3,59.5,1287,588,0,2,0,0,0,0,0,0,0,0,0,0
1704565513346127100,14.0,59.5,926,702,0,2,0,3,0,0,0,0,0,0,0,0
1704565514360055300,11.8,59.5,1220,746,0,2,0,6,1,0,0,0,0,0,0,0
1704565515373989700,13.3,59.5,1157,748,0,2,0,0,1,0,0,0,0,0,0,0
1704565516388415000,14.1,59.5,1180,756,0,3,0,0,1,0,0,0,0,0,0,0
1704565517402342900,12.4,59.5,1223,740,0,2,0,0,1,1,0,0,0,0,0,0
1704565518414303800,13.0,59.5,1225,808,0,1,0,0,0,0,0,0,0,0,0,0
1704565519435237600,11.3,59.5,1159,860,0,1,0,0,0,0,0,0,0,0,0,0
1704565520456250000,12.1,59.5,1176,835,0,1,1,0,0,0,0,0,0,0,0,0
1704565521475196600,10.9,59.5,1033,903,0,2,0,0,0,0,0,0,0,0,0,0
1704565522493128500,12.0,59.5,1050,892,0,1,9,0,0,0,0,0,0,0,0,0
1704565523514070900,12.6,59.5,1032,863,0,0,0,1,0,0,0,0,0,0,0,0
1704565524533029000,12.5,59.5,1190,562,0,1,0,1,0,0,0,0,0,0,0,0
1704565525547979100,11.9,59.5,1405,529,0,2,0,7,0,0,0,0,0,0,0,0
1704565526564405700,12.6,59.5,1570,479,0,2,0,1,0,0,0,0,0,0,0,0
1704565527579341000,13.1,59.5,1679,822,0,2,0,1,0,0,0,0,0,0,0,0
1704565528593268600,14.9,59.5,1608,737,0,2,0,15,0,0,0,0,0,0,0,0
1704565529606742100,13.9,59.5,1629,711,0,2,0,16,0,0,0,0,0,0,0,0
1704565530620180300,11.4,59.5,1669,672,0,3,0,15,0,0,0,0,0,0,0,0
1704565531641114200,10.6,59.5,1813,592,0,3,0,15,0,0,0,0,0,0,0,0
1704565532659053300,13.1,59.5,1776,635,0,3,0,7,0,0,0,0,0,0,0,0
1704565533681989400,13.8,59.5,1148,685,0,2,0,0,0,0,0,0,0,0,0,0
1704565534702419800,12.1,59.5,1035,630,0,2,0,0,1,0,0,0,0,0,0,0
1704565535722386800,10.3,59.5,1051,645,0,1,0,0,0,0,0,0,0,0,0,0
1704565536736314600,22.1,59.6,1045,813,0,0,1,0,0,0,0,0,0,0,0,0
1704565537754251300,13.2,59.5,959,712,0,0,3,0,0,0,0,0,0,0,0,0
1704565538774192000,16.1,59.5,951,743,0,0,0,0,0,0,0,0,0,0,0,0
1704565539798129500,12.6,59.5,1318,686,0,0,0,0,0,0,0,0,0,0,0,0
1704565540816060400,12.4,59.5,811,738,0,1,0,0,0,0,0,0,0,0,0,0
1704565541834032600,10.2,59.5,987,760,0,0,2,1,0,0,0,0,0,0,0,0
1704565542857969700,13.9,59.5,1050,724,0,2,0,15,0,0,0,0,0,0,0,0
1704565543879401500,14.4,59.5,1169,666,0,2,0,15,0,0,0,0,0,0,0,0
1704565544897346000,10.9,59.5,1198,747,0,2,0,11,0,0,0,0,0,0,0,0
1704565545916277500,10.2,59.5,1204,636,0,2,0,15,0,0,0,0,0,0,0,0
1704565546940214500,13.3,59.5,1292,602,0,2,0,1,0,0,0,0,0,0,0,0
1704565547962183900,10.9,59.5,1266,618,0,0,0,0,0,0,0,0,0,0,0,0
1704565548984120000,13.4,59.5,1068,599,0,1,0,0,0,0,0,0,0,0,0,0
1704565550003052700,10.3,59.5,642,721,0,0,0,0,0,0,0,0,0,0,0,0
1704565551022991800,12.4,59.5,642,721,0,0,0,0,0,0,0,0,0,0,0,0
1704565552047426600,14.6,59.5,1241,711,0,2,0,0,0,0,0,0,0,0,0,0
1704565553069361500,10.6,59.5,492,749,0,2,0,0,0,0,0,0,0,0,0,0
1704565554086326800,12.2,59.5,757,778,0,0,0,0,0,0,0,0,0,0,0,0
1704565555110263800,12.9,59.5,1096,767,0,3,0,0,0,0,0,0,0,0,0,0
1704565556130196800,14.7,59.5,1633,693,0,1,0,0,0,0,0,0,0,0,0,0
1704565557152150700,11.3,59.5,538,645,0,1,0,0,0,0,0,0,0,0,0,0
1704565558176087700,11.8,59.5,494,648,0,0,0,0,0,0,0,0,0,0,0,0
1704565559197028700,11.7,59.5,524,639,0,0,0,0,0,0,0,0,0,0,0,0
1704565560215993400,11.8,59.5,646,623,0,0,0,0,0,0,0,0,0,0,0,0
1704565561238426200,14.1,59.5,743,854,0,0,0,0,0,0,0,0,0,0,0,0
1704565562260361800,10.6,59.5,1079,824,0,0,0,0,0,0,0,0,0,0,0,0
1704565563282303100,10.1,59.5,1085,829,0,0,0,0,0,0,0,0,0,0,0,0
1704565564302236100,10.6,59.5,1084,829,0,0,0,0,0,0,0,0,0,0,0,0
1704565565324185300,14.3,59.7,1158,832,0,0,0,0,0,0,0,0,0,0,0,0
1704565566345139900,12.3,59.7,1216,823,0,0,0,0,0,0,0,0,0,0,0,0
1704565567367081800,12.7,59.7,1330,797,0,0,0,0,0,0,0,0,0,0,0,0
1704565568884977500,10.4,59.7,1343,783,0,0,0,0,0,0,0,0,0,0,0,0
1704565569902405200,12.1,59.7,1343,783,0,0,0,0,0,0,0,0,0,0,0,0
1704565570926342000,14.3,59.7,1212,363,0,0,0,0,0,0,0,0,0,0,0,0
1704565571436343000,15.4,59.7,729,230,1,0,0,0,0,0,0,0,0,0,0,0
1704565572454286500,14.8,59.7,809,548,1,0,0,0,0,0,0,0,0,0,0,0
1704565573475220600,11.3,59.7,1709,438,2,0,0,0,0,0,0,0,0,0,0,0
1704565575000136400,17.8,59.6,1939,234,1,0,0,0,0,0,0,0,0,0,0,0
1704565575513106000,15.8,59.7,1125,1297,0,0,0,0,0,0,0,0,0,0,0,0
1704565576536049000,16.5,59.7,1106,1290,1,0,0,0,0,0,0,0,0,0,0,0
1704565577562988100,11.1,59.7,2105,649,0,0,0,0,0,0,0,0,0,0,0,0
1704565579084377900,15.6,59.7,2105,649,0,0,0,0,0,0,0,0,0,0,0,0
1704565580107320500,10.6,59.7,2105,649,0,0,0,0,0,0,0,0,0,0,0,0
1704565580621290900,16.1,59.7,1973,706,0,0,0,0,0,0,0,0,0,0,0,0
1704565582146197000,13.0,59.7,2006,522,0,1,0,0,0,0,0,0,0,0,0,0
1704565583161160300,11.8,59.7,1972,518,0,1,0,0,0,0,0,0,0,0,0,0
1704565583675130500,11.3,59.6,1977,519,0,2,0,0,0,0,0,0,0,0,0,0
1704565584697072200,17.7,59.7,1995,511,0,1,0,0,0,0,0,0,0,0,0,0
1704565585719016300,18.9,59.7,2300,823,0,2,0,0,0,0,0,0,0,0,0,0
1704565587251422200,10.3,59.7,2182,818,0,1,0,0,0,0,0,0,0,0,0,0
1704565587762389700,14.8,59.7,2057,646,0,2,0,0,0,0,0,0,0,0,0,0
1704565588781347800,12.0,59.7,1946,549,0,2,0,0,0,0,0,0,0,0,0,0
1704565589803289600,11.4,59.6,1931,473,0,3,0,0,0,0,0,0,0,0,0,0
1704565590827226900,14.8,59.7,2024,526,0,2,0,0,0,0,0,0,0,0,0,0
1704565591846165900,16.6,59.7,1958,586,0,2,0,0,0,0,0,0,0,0,0,0
1704565592864104600,15.8,59.7,1837,633,0,2,0,0,0,0,0,0,0,0,0,0
1704565593889042400,12.4,59.7,2075,641,0,1,0,0,0,0,0,0,0,0,0,0
1704565595406987700,12.4,59.7,1881,595,0,0,0,0,0,0,0,0,0,0,0,0
1704565596422414100,10.4,59.7,1831,618,0,0,0,3,1,0,0,0,0,0,0,0
1704565596932380700,15.9,59.7,1739,622,0,0,0,0,0,0,0,0,0,0,0,0
1704565597946315100,18.4,59.6,1706,637,0,0,1,0,0,0,0,0,0,0,0,0
1704565598962244600,13.2,58.7,1643,652,0,0,2,0,0,0,0,0,0,0,0,0
1704565599977173800,15.5,58.7,1337,753,0,2,0,0,0,0,0,0,0,0,0,0
1704565601003165100,12.3,58.7,1081,808,0,3,0,0,0,0,0,0,0,0,0,0
1704565602521055000,12.0,58.7,1228,707,0,2,0,0,0,0,0,0,0,0,0,0
1704565603030020900,11.6,58.7,1238,693,0,2,0,0,1,0,0,0,0,0,0,0
1704565604046981500,12.6,58.7,1517,609,0,0,0,0,15,0,0,0,0,0,0,0
1704565605061406900,12.3,58.7,1436,618,0,0,0,0,0,0,0,0,0,0,0,0
1704565606075334000,11.1,58.7,1475,871,0,0,0,0,0,0,0,0,0,0,0,0
1704565607105309500,12.2,58.7,1415,883,0,0,0,1,0,0,0,0,0,0,0,0
1704565608119237200,11.7,58.7,1477,818,0,0,0,16,0,0,0,0,0,0,0,0
1704565609149208700,12.8,58.7,1561,686,0,0,0,16,0,0,0,0,0,0,0,0
1704565610168153600,12.1,58.7,1864,609,0,2,0,15,0,0,0,0,0,0,0,0
1704565611188087000,12.3,58.7,2052,659,0,2,0,16,0,0,0,0,0,0,0,0
1704565612206024200,17.9,58.7,1997,833,0,0,0,15,0,0,0,0,0,0,0,0
1704565613216976000,12.1,58.7,2068,609,0,0,0,16,0,0,0,0,0,0,0,0
1704565614232408900,13.2,58.7,2077,566,0,0,0,16,0,0,0,0,0,0,0,0
1704565615753309800,11.1,58.7,1884,606,0,0,0,15,0,0,0,0,0,0,0,0
1704565616768246300,12.1,58.7,1727,661,0,0,0,5,0,0,0,0,0,0,0,0
1704565617276211400,19.9,58.7,2065,572,0,1,0,15,0,0,0,0,0,0,0,0
1704565618290158400,14.0,58.7,1328,637,0,2,0,15,0,0,0,0,0,0,0,0
1704565619306109800,12.6,58.7,1392,718,0,2,0,15,0,0,0,0,0,0,0,0
1704565620328044900,13.8,58.7,939,668,0,2,0,3,0,0,0,0,0,0,0,0
1704565621347984300,15.9,58.7,986,796,0,2,0,3,0,0,0,0,0,0,0,0
1704565622369437400,21.2,58.7,1502,850,0,0,0,0,0,0,0,0,0,0,0,0
1704565623394375300,11.6,58.7,1068,771,0,3,0,0,0,0,0,0,0,0,0,0
1704565624411341300,12.3,58.7,1406,691,0,2,0,0,0,0,0,0,0,0,0,0
1704565625944256700,11.9,58.7,1274,672,0,3,0,10,0,0,0,0,0,0,0,0
1704565626457226200,13.8,58.7,1391,685,0,2,0,1,0,0,0,0,0,0,0,0
1704565627478175100,17.6,58.7,1278,698,0,1,0,1,1,0,0,0,0,0,0,0
1704565628492102700,14.5,58.7,1297,630,0,2,0,1,0,0,0,0,0,0,0,0
1704565629507032200,11.7,58.7,1408,631,0,2,0,1,0,0,0,0,0,0,0,0
1704565630522012700,13.8,58.7,599,765,0,2,0,0,0,0,0,0,0,0,0,0
1704565631535436700,17.7,58.7,528,738,0,3,0,0,0,0,0,0,0,0,0,0
1704565632547362700,12.6,58.7,510,734,0,0,0,0,0,0,0,0,0,0,0,0
1704565633562298400,11.3,58.7,1176,1020,0,0,0,0,0,0,0,0,0,0,0,0
1704565634574224700,14.7,58.7,830,680,0,0,0,0,0,0,0,0,0,0,0,0
1704565635593157400,12.4,58.7,1333,626,0,1,0,0,0,0,0,0,0,0,0,0
1704565636607120400,12.9,58.7,1064,710,0,0,0,0,0,0,0,0,0,0,0,0
1704565638135018300,11.6,58.7,1517,735,0,0,0,0,0,0,0,0,0,0,0,0
1704565638648994000,18.0,58.7,2155,805,0,1,0,0,0,0,0,0,0,0,0,0
1704565639671943600,12.3,58.7,1947,811,0,0,0,1,0,0,0,0,0,0,0,0
1704565640691378800,15.5,58.7,1762,791,0,1,0,15,0,0,0,0,0,0,0,0
1704565641713320700,15.9,58.7,1515,711,0,1,0,1,0,0,0,0,0,0,0,0
1704565642735288300,14.0,58.7,1426,494,0,1,0,0,2,0,0,0,0,0,0,0
1704565643754221400,12.6,58.7,1366,691,0,0,0,0,0,0,0,0,0,0,0,0
1704565644775155900,11.9,58.7,1373,673,0,0,1,0,0,0,0,0,0,0,0,0
1704565646303060700,13.6,58.7,1461,644,0,0,0,0,0,0,0,0,0,0,0,0
1704565646809030100,13.5,58.7,1630,699,0,1,0,1,0,0,0,0,0,0,0,0
1704565647825960700,14.0,58.7,1435,650,0,2,0,15,0,0,0,0,0,0,0,0
1704565648845425100,16.5,58.7,1119,698,0,2,0,4,0,0,0,0,0,0,0,0
1704565649865357500,13.3,58.7,1236,690,0,0,0,0,0,0,0,0,0,0,0,0
1704565650888293900,11.9,58.7,1149,744,0,1,0,0,0,0,0,0,0,0,0,0
1704565651910243200,11.8,58.7,1176,720,0,3,0,0,0,0,0,0,0,0,0,0
1704565652927173700,12.1,58.7,1580,755,0,3,0,1,0,0,0,0,0,0,0,0
1704565653948122500,19.8,58.7,1653,736,0,3,0,1,0,0,0,0,0,0,0,0
1704565654970079700,13.9,58.7,1085,686,0,3,0,1,0,0,0,0,0,0,0,0
1704565655986009900,18.3,58.7,984,713,0,3,0,13,0,0,0,0,0,0,0,0
1704565657010444500,12.6,58.7,1073,713,0,3,0,0,1,1,0,0,0,0,0,0
1704565658031385400,25.6,58.8,1491,689,0,1,0,0,0,0,0,0,0,0,0,0
1704565659556809700,16.6,58.8,1545,515,0,2,0,1,0,0,0,0,0,0,0,0
1704565660067306800,20.2,58.7,1401,521,0,3,0,1,0,0,0,0,0,0,0,0
1704565661586203400,16.3,58.7,1232,558,0,2,0,1,0,0,0,0,0,0,0,0
1704565662598136400,12.7,58.7,1608,469,0,2,0,0,0,0,0,0,0,0,0,0
1704565663110110700,15.3,58.7,1466,541,0,0,0,0,0,0,0,0,0,0,0,0
1704565664130044100,15.3,58.8,1614,419,0,2,0,0,0,0,0,0,0,0,0,0
1704565665142971300,11.8,58.7,1480,432,0,1,0,0,0,0,0,0,0,0,0,0
1704565666160441100,11.8,58.7,1609,365,0,1,0,0,0,0,0,0,0,0,0,0
1704565667173391000,12.6,58.7,1600,286,0,2,0,0,0,0,0,0,0,0,0,0
1704565668201332100,12.1,58.7,1470,450,0,0,0,0,0,0,0,0,0,0,0,0
1704565669212264200,13.7,58.8,1320,519,0,2,0,1,0,0,0,0,0,0,0,0
1704565670732155000,10.9,58.7,1341,498,0,1,0,0,0,0,0,0,0,0,0,0
1704565671245124600,12.2,58.7,1350,474,0,0,1,0,0,0,0,0,0,0,0,0
1704565672266099900,13.8,58.7,1172,411,0,0,1,0,0,0,0,0,0,0,0,0
1704565673289042100,14.1,58.7,1344,695,0,0,0,0,0,0,0,0,0,0,0,0
1704565674305978100,14.0,58.7,1419,723,0,0,0,0,0,0,0,0,0,0,0,0
1704565675824371400,14.5,58.7,823,720,0,0,0,0,1,0,0,0,0,0,0,0
1704565676335340000,12.4,58.7,886,730,0,0,0,0,0,0,0,0,0,0,0,0
1704565677349268700,12.2,58.7,1200,802,0,0,0,0,1,0,0,0,0,0,0,0
1704565678369202200,16.0,58.7,1114,726,0,1,0,0,0,0,0,0,0,0,0,0
1704565679900103000,11.8,58.7,1059,762,0,1,0,0,0,0,0,0,0,0,0,0
1704565680411077600,12.8,58.7,1363,703,0,1,0,0,0,0,0,0,0,0,0,0
1704565681425005600,13.2,58.7,1299,845,0,2,0,0,0,0,0,0,0,0,0,0
1704565682441432600,12.0,58.7,1191,516,0,1,0,0,0,0,0,0,0,0,0,0
1704565683460908200,11.9,58.7,1037,729,0,1,0,0,0,0,0,0,0,0,0,0
1704565684476340700,11.9,58.7,1353,610,0,2,0,0,0,0,0,0,0,0,0,0
1704565685490269000,16.1,58.7,1182,528,0,1,0,1,0,0,0,0,0,0,0,0
1704565686504204200,11.7,58.6,1165,532,0,0,2,0,0,0,0,0,0,0,0,0
1704565687519133600,10.6,58.6,1251,466,0,0,0,0,0,0,0,0,0,0,0,0
1704565688543089600,15.5,58.6,1299,335,0,3,0,0,0,0,0,0,0,0,0,0
1704565689562057000,14.4,58.6,1302,606,0,3,0,0,0,0,0,0,0,0,0,0
1704565690585994300,14.3,58.6,1074,468,0,2,0,0,0,0,0,0,0,0,0,0
1704565691608426700,11.3,58.6,1131,602,0,3,0,0,0,0,0,0,0,0,0,0
1704565692628367200,10.8,58.6,1171,517,0,3,0,0,0,0,0,0,0,0,0,0
1704565693650302600,13.0,58.6,1299,535,0,3,0,0,0,0,0,0,0,0,0,0
1704565694670243100,12.6,58.6,1212,561,0,3,0,0,0,0,0,0,0,0,0,0
1704565695690213300,17.2,58.6,1226,614,0,3,0,0,0,0,0,0,0,0,0,0
1704565696710152300,10.2,58.6,1226,642,0,0,0,0,0,0,0,0,0,0,0,0
1704565697734089400,17.0,58.6,1148,696,0,0,0,0,0,0,0,0,0,0,0,0
1704565698752028400,13.1,58.6,720,698,0,0,0,0,0,0,0,0,0,0,0,0
1704565699773963600,11.2,58.5,987,978,0,0,0,0,0,0,0,0,0,0,0,0
1704565700798398500,20.8,58.6,1029,984,0,0,0,0,0,0,0,0,0,0,0,0
1704565701816363500,12.1,58.6,1246,1007,0,0,0,0,0,0,0,0,0,0,0,0
1704565702836296900,12.4,58.6,1288,489,0,1,0,0,0,0,0,0,0,0,0,0
1704565703858232300,13.6,58.6,1004,846,0,1,0,0,0,0,0,0,0,0,0,0
1704565704882176200,10.4,58.6,1111,981,0,1,0,0,0,0,0,0,0,0,0,0
1704565705903117300,16.0,58.6,1061,988,0,0,0,0,0,0,0,0,0,0,0,0
1704565706922063000,10.6,58.6,1154,880,0,0,0,0,0,0,0,0,0,0,0,0
1704565707937018300,12.6,58.6,1152,879,0,0,0,0,0,0,0,0,0,0,0,0
1704565708949441800,11.1,58.6,1179,856,0,0,0,0,0,0,0,0,0,0,0,0
1704565709965383900,10.8,58.6,1179,856,0,0,0,0,0,0,0,0,0,0,0,0
1704565710981319400,17.3,58.6,1179,856,0,0,0,0,0,0,0,0,0,0,0,0
1704565711996254700,12.5,58.6,1370,1083,0,0,0,0,0,0,0,0,0,0,0,0
1704565713008732600,10.9,58.6,1549,1430,1,0,0,0,0,0,0,0,0,0,0,0
1704565714023174800,18.1,58.6,1467,1396,0,0,0,0,0,0,0,0,0,0,0,0
1704565715045110000,11.3,58.6,783,579,0,0,0,0,0,0,0,0,0,0,0,0
1704565716064049000,11.3,58.6,735,635,0,0,0,0,0,0,0,0,0,0,0,0
1704565717083982800,13.1,58.6,722,625,0,2,0,0,0,0,0,0,0,0,0,0
1704565718104413700,13.0,58.6,1177,639,0,0,0,0,0,0,0,0,0,0,0,0
1704565719117375800,21.1,58.6,809,612,0,0,0,0,0,0,0,0,0,0,0,0
1704565720137316200,10.8,58.6,727,599,0,1,0,0,0,0,0,0,0,0,0,0
1704565721159251500,11.9,58.6,728,626,0,1,0,0,0,0,0,0,0,0,0,0
1704565722181200400,13.5,58.6,753,655,0,0,0,0,0,0,0,0,0,0,0,0
1704565723201133400,14.4,58.6,819,813,0,0,0,0,0,0,0,0,0,0,0,0
1704565724223068600,12.3,58.6,777,722,0,0,0,0,0,0,0,0,0,0,0,0
1704565725235025400,11.2,58.6,1532,524,0,0,0,0,0,0,0,0,0,0,0,0
1704565726251963300,14.3,58.6,1520,579,0,0,0,0,0,0,0,0,0,0,0,0
1704565727274395800,22.2,58.6,1629,724,0,0,0,0,0,0,0,0,0,0,0,0
1704565728294335800,14.1,58.6,1813,550,0,0,0,0,0,0,0,0,0,0,0,0
1704565729315276800,15.1,58.6,1974,228,0,0,0,0,0,0,0,0,0,0,0,0
1704565730329225100,12.8,58.6,1947,236,0,0,0,0,0,0,0,0,0,0,0,0
1704565731344186800,11.6,58.6,1937,233,0,1,0,0,0,0,0,0,0,0,0,0
1704565732360116600,19.6,58.6,1601,440,0,0,0,0,0,0,0,0,0,0,0,0
1704565733381051000,12.8,58.6,1423,566,0,0,0,0,0,0,0,0,0,0,0,0
1704565734399989800,11.3,58.6,1438,438,0,1,0,0,0,0,0,0,0,0,0,0
1704565735420420200,11.6,58.6,1306,520,0,0,0,0,0,0,0,0,0,0,0,0
1704565736944346500,11.3,58.6,1841,610,0,0,0,0,0,0,0,0,0,0,0,0
1704565737448314900,14.1,58.6,1838,626,0,0,0,0,0,0,0,0,0,0,0,0
1704565738470250200,15.0,58.6,1829,624,0,0,0,0,0,0,0,0,0,0,0,0
1704565739488181200,10.9,58.6,2047,826,0,0,0,0,0,0,0,0,0,0,0,0
1704565741014097700,11.8,58.6,1979,975,0,0,0,0,0,0,0,0,0,0,0,0
1704565741525064900,15.2,58.6,1974,913,0,0,0,0,0,0,0,0,0,0,0,0
1704565743037004900,11.6,58.6,2047,411,0,0,0,0,0,0,0,0,0,0,0,0
1704565743549974200,12.8,58.6,2061,422,0,0,0,0,0,0,0,0,0,0,0,0
1704565744570427900,10.3,58.6,2234,720,0,0,0,0,0,0,0,0,0,0,0,0
1704565745589359900,11.5,58.6,2041,775,0,1,0,0,0,0,0,0,0,0,0,0
1704565746611301200,16.5,58.6,2085,780,0,3,0,0,0,0,0,0,0,0,0,0
1704565747633236900,20.1,58.8,1936,675,0,3,0,0,0,0,0,0,0,0,0,0
1704565748653199100,21.4,59.1,1490,1054,0,1,0,0,0,0,0,0,0,0,0,0
1704565749668150200,25.6,59.3,1296,1225,0,1,0,0,0,0,0,0,0,0,0,0
1704565751187041600,15.2,59.2,1288,1295,1,0,0,0,0,0,0,0,0,0,0,0
1704565752201983600,24.9,59.3,1979,565,0,1,0,0,0,0,0,0,0,0,0,0
1704565752718452900,27.1,59.3,1974,571,0,0,0,0,0,0,0,0,0,0,0,0
1704565753742389500,22.9,59.4,1202,1288,0,0,0,0,0,0,0,0,0,0,0,0
1704565755273326400,30.6,59.5,1251,1168,0,0,0,0,0,0,0,0,0,0,0,0
1704565755784294100,27.1,59.4,1549,474,0,1,0,0,0,0,0,0,0,0,0,0
1704565756802225900,15.4,59.5,1655,454,0,0,0,0,0,0,0,0,0,0,0,0
1704565757817160400,14.8,59.4,1714,510,0,0,0,0,0,0,0,0,0,0,0,0
1704565759338053500,34.8,59.5,2041,650,0,0,0,0,0,0,0,0,0,0,0,0
1704565759853030800,16.9,59.4,2036,649,0,0,0,0,0,0,0,0,0,0,0,0
1704565760874990800,25.8,59.4,1957,672,0,0,0,0,0,0,0,0,0,0,0,0
1704565761898424000,17.1,59.4,1957,672,0,0,0,0,0,0,0,0,0,0,0,0
1704565762921358900,11.1,59.4,1838,634,0,0,0,0,0,0,0,0,0,0,0,0
1704565763942306300,17.6,59.4,1760,643,0,0,0,0,0,0,0,0,0,0,0,0
1704565765469203800,10.4,59.4,1550,474,0,0,0,0,0,0,0,0,0,0,0,0
1704565766483163500,11.9,59.4,1539,449,0,0,0,0,0,0,0,0,0,0,0,0
1704565767512105300,10.4,59.4,1559,433,0,0,0,0,0,0,0,0,0,0,0,0
1704565768025074700,12.2,59.4,1557,431,0,0,1,0,0,0,0,0,0,0,0,0
1704565769042012000,16.4,59.4,1588,403,0,0,16,0,0,0,0,0,0,0,0,0
1704565770061441200,10.8,59.4,1635,379,0,2,15,0,0,0,0,0,0,0,0,0
1704565771085378900,10.8,59.4,1675,479,0,0,1,0,0,0,0,0,0,0,0,0
1704565772105311300,14.2,59.4,1555,555,0,0,0,0,0,0,0,0,0,0,0,0
1704565773118238100,13.7,59.4,1197,640,0,2,0,11,0,0,0,0,0,0,0,0
1704565774641149900,13.7,59.4,1320,654,0,3,0,2,1,0,0,0,0,0,0,0
1704565775153118000,13.2,59.4,1302,636,0,1,0,12,0,0,0,0,0,0,0,0
1704565776677012600,12.2,59.4,1142,692,0,2,0,0,1,1,0,0,0,0,0,0
1704565777190983400,10.6,59.4,1146,866,0,2,0,0,0,10,0,0,0,0,0,0
1704565778209948900,12.3,59.4,1258,871,0,1,0,0,0,1,0,0,0,0,0,0
1704565779232388600,16.6,59.5,1209,645,0,2,0,0,0,0,0,0,0,0,0,0
1704565780252321300,13.6,59.5,1129,595,0,2,0,1,0,0,0,0,0,0,0,0
1704565781281276600,14.3,59.5,1194,601,0,2,0,16,0,0,0,0,0,0,0,0
1704565782310218800,12.7,59.4,1642,476,0,2,0,0,0,0,0,0,0,0,0,0
1704565783327162800,13.4,59.4,1154,788,0,1,0,0,0,0,0,0,0,0,0,0
1704565784852079100,12.6,59.4,1001,671,0,3,1,1,1,0,0,0,0,0,0,0
1704565785870010600,13.6,59.4,1058,559,0,3,1,0,0,0,0,0,0,0,0,0
1704565786385982400,10.8,59.4,1066,583,0,0,0,0,0,0,0,0,0,0,0,0
1704565787908378500,12.1,59.4,1009,617,0,2,0,15,0,0,0,0,0,0,0,0
1704565788424351200,17.4,59.4,1068,590,0,1,0,3,0,0,0,0,0,0,0,0
1704565789944283500,10.1,59.4,911,581,0,2,0,16,0,0,0,0,0,0,0,0
1704565790965218000,15.6,59.4,1289,635,0,3,0,16,0,0,0,0,0,0,0,0
1704565791479188300,12.5,59.4,1307,640,0,2,0,15,0,0,0,0,0,0,0,0
1704565792491119500,13.0,59.4,1346,452,0,2,0,16,0,0,0,0,0,0,0,0
1704565793505047900,13.1,59.4,1345,443,0,3,0,16,0,0,0,0,0,0,0,0
1704565794526983200,11.6,59.4,1253,430,0,1,1,0,0,0,0,0,0,0,0,0
1704565795537438100,15.5,59.4,1210,479,0,1,3,0,0,0,0,0,0,0,0,0
1704565796552366100,11.4,59.4,1333,335,0,0,1,0,0,0,0,0,0,0,0,0
1704565797568295800,12.1,59.4,1221,237,0,1,15,0,0,0,0,0,0,0,0,0
1704565798587241100,12.2,59.4,1257,175,0,0,14,0,0,0,0,0,0,0,0,0
1704565799609183700,15.3,59.4,1207,133,0,0,0,0,0,0,0,0,0,0,0,0
1704565801127088100,15.5,59.4,1194,194,0,1,0,0,0,0,0,0,0,0,0,0
1704565801636079900,17.3,59.4,1215,171,0,2,0,0,0,0,0,0,0,0,0,0
1704565802657037100,14.6,59.4,1198,177,0,0,6,0,0,0,0,0,0,0,0,0
1704565803679996100,11.3,59.4,1170,209,0,0,1,0,0,0,0,0,0,0,0,0
1704565804699434100,12.5,59.4,1225,15,0,0,0,16,0,0,0,0,0,0,0,0
1704565805714362900,16.3,59.5,1196,267,0,3,0,15,0,0,0,0,0,0,0,0
1704565806730303600,14.9,59.4,1140,261,0,3,0,15,1,0,0,0,0,0,0,0
1704565807745266700,11.9,59.4,1154,230,0,0,0,0,7,0,0,0,0,0,0,0
1704565808760195500,10.7,59.4,1163,220,0,0,0,0,0,0,0,0,0,0,0,0
1704565809785133400,17.3,59.4,1189,356,0,1,0,3,0,0,0,0,0,0,0,0
1704565810796065100,12.3,59.4,1126,744,0,3,0,15,0,0,0,0,0,0,0,0
1704565811812000700,16.0,59.4,1071,636,0,3,3,0,0,0,0,0,0,0,0,0
1704565812828427900,12.8,59.4,1067,649,0,3,1,0,0,0,0,0,0,0,0,0
1704565813843390000,11.1,59.4,1088,649,0,3,0,0,0,0,0,0,0,0,0,0
1704565814856317300,16.1,59.4,1036,663,0,2,0,0,0,0,0,0,0,0,0,0
1704565815878259100,12.1,59.4,1144,656,0,2,0,0,3,0,0,0,0,0,0,0
1704565817404162200,13.3,59.4,1164,746,0,2,1,0,0,0,0,0,0,0,0,0
1704565817920135100,10.4,59.4,1164,747,0,0,0,0,0,0,0,0,0,0,0,0
1704565818940075000,13.2,59.4,1560,639,0,1,0,3,0,0,0,0,0,0,0,0
1704565819956031600,13.8,59.4,1212,658,0,2,1,0,0,0,0,0,0,0,0,0
1704565821483426300,10.6,59.4,968,644,0,3,0,1,0,0,0,0,0,0,0,0
1704565821995394100,16.2,59.4,993,690,0,2,1,0,0,0,0,0,0,0,0,0
1704565823019338700,11.6,59.4,1204,720,0,3,0,0,0,0,0,0,0,0,0,0
1704565824549239300,12.5,59.4,1277,726,0,2,0,0,0,0,0,0,0,0,0,0
1704565825062228100,12.6,59.4,1210,750,0,3,0,0,0,0,0,0,0,0,0,0
1704565826085179400,12.3,59.4,1254,767,0,2,0,0,0,0,0,0,0,0,0,0
1704565827107115200,16.9,59.4,1333,705,0,2,0,1,0,0,0,0,0,0,0,0
1704565828124059100,12.5,59.4,1342,705,0,0,1,0,0,0,0,0,0,0,0,0
1704565829147995800,11.6,59.4,1317,700,0,0,0,0,0,0,0,0,0,0,0,0
1704565830169427500,10.9,59.4,935,813,0,0,0,0,0,0,0,0,0,0,0,0
1704565831184394900,11.2,59.4,1392,525,0,0,0,0,0,0,0,0,0,0,0,0
1704565832199325100,14.3,59.4,1316,809,0,0,0,0,0,0,0,0,0,0,0,0
1704565833214253700,11.4,59.4,1333,988,0,2,0,0,0,0,0,0,0,0,0,0
1704565834235196200,11.8,59.4,1204,615,0,1,0,0,0,0,0,0,0,0,0,0
1704565835252148200,13.0,59.4,1182,567,0,2,0,0,0,0,0,0,0,0,0,0
1704565836276085500,15.2,59.4,1128,584,0,2,0,0,0,0,0,0,0,0,0,0
1704565837291046200,13.8,59.4,1249,596,0,2,0,0,0,0,0,0,0,0,0,0
1704565838310979600,14.6,59.4,1235,591,0,0,0,7,0,0,0,0,0,0,0,0
1704565839332411900,11.8,59.4,1214,582,0,0,1,0,0,0,0,0,0,0,0,0
1704565840353352200,25.2,59.4,1219,586,0,0,0,0,0,0,0,0,0,0,0,0
1704565841377290500,10.6,59.4,1302,864,0,1,0,0,0,0,0,0,0,0,0,0
1704565842399259600,11.4,59.4,1143,506,0,0,0,0,0,0,0,0,0,0,0,0
1704565843418233300,12.4,59.4,1143,407,0,3,6,0,0,0,0,0,0,0,0,0
1704565844438166500,10.8,59.4,1132,544,0,3,0,0,0,0,0,0,0,0,0,0
1704565845462103900,21.1,59.6,1151,504,0,3,0,0,0,0,0,0,0,0,0,0
1704565846480048400,11.1,59.6,1107,530,0,3,0,0,0,0,0,0,0,0,0,0
1704565848006442700,13.3,59.6,1160,492,0,3,0,2,0,0,0,0,0,0,0,0
1704565849036418700,15.2,59.6,1183,519,0,2,0,6,0,0,0,0,0,0,0,0
1704565849546385400,15.0,59.6,1155,498,0,3,0,16,0,0,0,0,0,0,0,0
1704565850560312800,10.6,59.6,1194,501,0,1,0,0,5,0,0,0,0,0,0,0
1704565852086215500,12.8,59.5,1200,579,0,2,1,0,0,0,0,0,0,0,0,0
1704565852598184200,10.9,59.5,1159,619,0,0,1,0,0,0,0,0,0,0,0,0
1704565853611110600,13.3,59.5,1122,637,0,0,0,0,0,0,0,0,0,0,0,0
1704565854631057400,11.6,59.5,1047,824,0,0,0,0,0,0,0,0,0,0,0,0
1704565855639005300,12.7,59.5,1047,824,0,0,0,0,0,0,0,0,0,0,0,0
1704565856653431100,11.4,59.6,1047,824,0,0,0,0,0,0,0,0,0,0,0,0
1704565857675366000,10.3,59.5,1047,824,0,0,0,0,0,0,0,0,0,0,0,0
1704565858693309300,15.1,59.6,1047,824,0,0,0,0,0,0,0,0,0,0,0,0
1704565859718247300,10.6,59.5,1047,824,0,0,0,0,0,0,0,0,0,0,0,0
1704565860737201000,11.3,59.5,1047,824,0,0,0,0,0,0,0,0,0,0,0,0
1704565861757147200,11.9,59.5,1047,824,0,0,0,0,0,0,0,0,0,0,0,0
1704565863288048600,9.1,59.5,1047,824,0,0,0,0,0,0,0,0,0,0,0,0
1704565864305991800,15.9,59.5,1047,824,0,0,0,0,0,0,0,0,0,0,0,0
1704565865326422500,10.6,59.5,1047,824,0,0,0,0,0,0,0,0,0,0,0,0
1704565865842394900,12.7,59.5,1047,824,0,0,0,0,0,0,0,0,0,0,0,0
1704565866860353300,11.6,59.5,1557,1414,0,0,0,0,0,0,0,0,0,0,0,0
1704565868381258800,11.3,59.5,1547,1413,0,0,0,0,0,0,0,0,0,0,0,0
1704565868892232300,17.3,59.6,1546,1411,1,0,0,0,0,0,0,0,0,0,0,0
1704565869914174500,13.4,59.6,1566,1277,0,0,0,0,0,0,0,0,0,0,0,0
1704565870937110000,16.4,59.6,1624,609,0,0,0,0,0,0,0,0,0,0,0,0
1704565871959045700,11.0,59.6,1699,548,1,0,0,0,0,0,0,0,0,0,0,0
1704565872981013200,17.1,59.6,1693,552,0,2,0,0,0,0,0,0,0,0,0,0
1704565874001444200,17.3,59.6,1819,1148,0,0,0,0,0,0,0,0,0,0,0,0
1704565875023388900,11.8,59.6,1928,220,0,0,0,0,0,0,0,0,0,0,0,0
1704565876549298500,11.7,59.6,1949,239,1,0,0,0,0,0,0,0,0,0,0,0
1704565877062267600,11.8,59.6,1898,395,0,0,0,0,0,0,0,0,0,0,0,0
1704565878079198700,13.6,59.6,1491,701,0,0,0,0,0,0,0,0,0,0,0,0
1704565879100165400,10.6,59.6,1347,749,0,0,0,0,0,0,0,0,0,0,0,0
1704565880123112000,12.5,59.6,1251,586,0,0,0,0,0,0,0,0,0,0,0,0
1704565881653012100,10.8,59.6,1243,580,0,0,0,0,0,0,0,0,0,0,0,0
1704565882168990700,11.1,59.6,1242,583,0,0,0,0,0,0,0,0,0,0,0,0
1704565883191429800,10.1,59.6,1277,551,0,0,0,0,0,0,0,0,0,0,0,0
1704565884210373400,10.6,59.6,1284,544,0,0,0,0,0,0,0,0,0,0,0,0
1704565885225337100,10.8,59.6,1284,544,0,0,0,0,0,0,0,0,0,0,0,0
1704565886249275200,9.9,59.6,1274,582,0,0,0,0,0,0,0,0,0,0,0,0
1704565887768171000,9.8,59.6,1205,711,0,0,0,0,0,0,0,0,0,0,0,0
1704565888281139900,13.8,59.6,1220,891,0,0,0,0,0,0,0,0,0,0,0,0
1704565889300072700,10.1,59.6,1226,1287,1,0,0,0,0,0,0,0,0,0,0,0
1704565890323008700,14.8,59.6,1353,1157,0,0,0,0,0,0,0,0,0,0,0,0
1704565891342439300,10.1,59.6,1198,1013,0,0,0,0,0,0,0,0,0,0,0,0
1704565892370379700,12.7,59.6,1142,920,0,0,0,0,0,0,0,0,0,0,0,0
1704565893392321700,11.1,59.6,1096,786,0,1,0,0,0,0,0,0,0,0,0,0
1704565894416258400,18.6,59.6,1402,679,0,0,0,0,0,0,0,0,0,0,0,0
1704565895438193400,14.1,59.6,1201,652,0,0,0,0,0,0,0,0,0,0,0,0
1704565896452156100,9.1,59.6,1658,543,0,3,0,0,0,0,0,0,0,0,0,0
1704565897465083300,11.3,59.6,1677,564,0,3,0,0,0,0,0,0,0,0,0,0
1704565898485016800,16.4,59.5,2084,661,0,3,0,0,0,0,0,0,0,0,0,0
1704565899504956400,22.9,59.0,2227,739,0,2,0,0,0,0,0,0,0,0,0,0
1704565900523385600,42.5,56.5,2020,709,0,3,0,0,0,0,0,0,0,0,0,0
1704565901547342500,39.3,54.5,1868,617,0,3,0,0,0,0,0,0,0,0,0,0
1704565902560310300,12.8,54.4,1986,647,0,2,0,0,0,0,0,0,0,0,0,0
1704565903574238200,12.9,54.4,2109,586,0,2,0,0,0,0,0,0,0,0,0,0
1704565904588166300,15.2,54.4,2043,637,0,3,0,0,0,0,0,0,0,0,0,0
1704565905607106900,17.3,54.4,1989,697,0,3,0,0,0,0,0,0,0,0,0,0
1704565906628041500,11.9,54.4,1879,769,0,1,0,0,0,0,0,0,0,0,0,0
1704565908143985400,12.2,54.4,1577,709,0,2,0,0,0,0,0,0,0,0,0,0
1704565908656450700,13.9,54.4,1455,690,0,3,0,0,0,0,0,0,0,0,0,0
1704565909673381800,12.6,54.4,1412,720,0,3,0,0,0,0,0,0,0,0,0,0
1704565910697318900,17.1,54.4,1559,666,0,2,0,0,0,0,0,0,0,0,0,0
1704565912223221500,13.4,54.4,1829,706,0,3,0,0,0,0,0,0,0,0,0,0
1704565912739200500,15.3,54.4,1614,744,0,2,0,0,0,0,0,0,0,0,0,0
1704565913756145300,14.2,54.4,1638,715,0,2,0,0,0,0,0,0,0,0,0,0
1704565914766089600,13.0,54.4,1665,717,0,0,0,0,0,0,0,0,0,0,0,0
1704565915781018500,12.3,54.4,1770,615,0,3,0,0,0,0,0,0,0,0,0,0
1704565916795443200,13.4,54.4,1895,569,0,3,0,0,0,0,0,0,0,0,0,0
1704565918315348200,12.2,54.5,1903,836,0,2,0,0,0,0,0,0,0,0,0,0
1704565918824314400,13.7,54.4,1751,802,0,2,0,0,0,0,0,0,0,0,0,0
1704565919842245700,12.2,54.4,1805,572,0,2,0,0,0,0,0,0,0,0,0,0
1704565920865201600,11.9,54.4,1611,485,0,3,0,0,0,0,0,0,0,0,0,0
1704565921885134300,14.9,54.4,1593,451,0,2,0,0,0,0,0,0,0,0,0,0
1704565922907076200,11.8,54.4,1583,275,0,1,0,0,0,0,0,0,0,0,0,0
1704565923926007900,13.8,54.4,1846,231,0,0,0,0,0,0,0,0,0,0,0,0
1704565924950442600,11.1,54.5,1643,275,0,0,0,0,0,0,0,0,0,0,0,0
1704565925963402900,13.8,54.4,1624,282,0,0,0,0,0,0,0,0,0,0,0,0
1704565927491322400,17.3,54.4,1360,360,0,2,3,0,0,0,0,0,0,0,0,0
1704565928005292600,14.1,54.4,1270,464,0,1,1,0,0,0,0,0,0,0,0,0
1704565929028241600,14.0,54.4,1012,448,0,2,0,1,0,0,0,0,0,0,0,0
1704565930048174700,14.3,54.4,1315,523,0,2,0,1,0,0,0,0,0,0,0,0
1704565931575106200,12.1,54.4,1404,677,0,2,0,0,0,0,0,0,0,0,0,0
1704565932090077300,16.4,54.4,1110,737,0,3,0,0,0,0,0,0,0,0,0,0
1704565933620978100,13.5,54.4,1347,666,0,2,0,0,0,0,0,0,0,0,0,0
1704565934633407800,9.8,54.4,1127,362,0,0,0,0,0,0,0,0,0,0,0,0
1704565935650337800,11.6,54.4,1140,361,0,0,0,0,0,0,0,0,0,0,0,0
1704565936668269500,16.4,54.4,1379,594,0,3,0,0,0,0,0,0,0,0,0,0
1704565937687237900,14.2,54.5,1316,789,0,3,0,1,0,0,0,0,0,0,0,0
1704565938711175300,12.0,54.5,1210,769,0,1,0,1,0,0,0,0,0,0,0,0
1704565939731109100,13.3,54.5,1304,674,0,2,0,13,0,0,0,0,0,0,0,0
1704565940745042600,13.8,54.4,1276,738,0,1,0,0,1,0,0,0,0,0,0,0
1704565941759972000,16.0,54.5,1254,800,0,0,0,0,0,0,0,0,0,0,0,0
1704565942782404900,16.2,54.4,1222,821,0,0,0,0,0,0,0,0,0,0,0,0
1704565943802373500,14.1,54.5,1029,751,0,0,1,0,0,0,0,0,0,0,0,0
1704565944823320100,12.4,54.5,1023,721,0,1,3,0,0,0,0,0,0,0,0,0
1704565945846256100,12.7,54.5,1041,695,0,2,0,13,0,0,0,0,0,0,0,0
1704565946866204500,11.8,54.5,1295,615,0,3,0,0,1,0,0,0,0,0,0,0
1704565947890141300,14.7,54.5,1278,584,0,3,0,0,0,0,0,0,0,0,0,0
1704565948911095100,14.1,54.5,1246,569,0,2,0,1,0,0,0,0,0,0,0,0
1704565949930048800,13.0,54.5,1224,589,0,2,0,0,0,0,0,0,0,0,0,0
1704565950951984100,13.8,54.5,1264,424,0,1,0,0,0,0,0,0,0,0,0,0
1704565951972415100,11.7,54.5,1191,365,0,0,0,0,0,0,0,0,0,0,0,0
1704565952990359500,12.3,54.5,1169,356,0,0,0,0,0,0,0,0,0,0,0,0
1704565954004293800,12.4,54.5,1115,293,0,0,0,0,0,0,0,0,0,0,0,0
1704565955017251500,15.1,54.5,1208,211,0,0,0,0,0,0,0,0,0,0,0,0
1704565956038199600,10.1,54.5,1197,573,0,3,1,0,0,0,0,0,0,0,0,0
1704565957055150200,13.6,54.5,1224,423,0,1,0,0,0,0,0,0,0,0,0,0
1704565958079094000,13.3,54.5,1179,475,0,1,0,0,0,0,0,0,0,0,0,0
1704565959101029600,16.9,54.5,1256,501,0,3,0,1,0,0,0,0,0,0,0,0
1704565960122964400,12.5,54.5,1233,459,0,2,0,15,0,0,0,0,0,0,0,0
1704565961138426400,16.0,54.5,1301,464,0,3,0,16,0,0,0,0,0,0,0,0
1704565962154362300,19.0,54.4,1123,541,0,3,0,15,0,0,0,0,0,0,0,0
1704565963166288700,11.7,54.5,1264,813,0,2,0,16,0,0,0,0,0,0,0,0
1704565964177220900,13.4,54.4,1124,752,0,2,1,6,0,0,0,0,0,0,0,0
1704565965195151500,9.8,54.5,1207,757,0,0,0,0,0,0,0,0,0,0,0,0
1704565966213113200,13.5,54.5,1272,647,0,0,0,0,0,0,0,0,0,0,0,0
1704565967228062000,11.6,54.4,1286,606,0,2,0,2,0,0,0,0,0,0,0,0
1704565968243997400,15.0,54.4,1343,717,0,2,0,0,0,0,0,0,0,0,0,0
1704565969266429800,17.9,54.3,1297,714,0,2,0,0,0,0,0,0,0,0,0,0
1704565970287370300,13.5,54.4,1285,730,0,1,0,10,0,0,0,0,0,0,0,0
1704565971309359300,12.8,54.3,1278,628,0,2,0,0,0,0,0,0,0,0,0,0
1704565972331294100,13.0,54.4,1306,657,0,2,0,0,0,0,0,0,0,0,0,0
1704565973348256900,10.2,54.4,1263,622,0,1,0,8,0,0,0,0,0,0,0,0
1704565974372193900,19.2,54.3,1197,772,0,0,0,0,0,0,0,0,0,0,0,0
1704565975394129300,11.2,54.4,1038,1104,0,0,0,0,0,0,0,0,0,0,0,0
1704565976414074600,11.6,54.4,1207,948,0,0,0,0,0,0,0,0,0,0,0,0
1704565977438011900,12.8,54.4,1178,362,0,1,0,0,0,0,0,0,0,0,0,0
1704565978459956900,14.6,54.4,1164,567,0,2,0,0,0,0,0,0,0,0,0,0
1704565979474416500,16.8,54.3,1135,512,0,1,0,0,0,0,0,0,0,0,0,0
1704565980489379500,10.6,54.4,1158,544,0,2,0,0,0,0,0,0,0,0,0,0
1704565981503307700,13.0,54.4,1161,543,0,2,0,0,0,0,0,0,0,0,0,0
1704565982526249700,11.3,54.4,1234,509,0,1,0,0,0,0,0,0,0,0,0,0
1704565983550187000,14.5,54.4,1175,449,0,1,0,0,0,0,0,0,0,0,0,0
1704565984566136200,16.2,54.4,1072,1065,0,1,0,0,0,0,0,0,0,0,0,0
1704565985580084500,12.2,54.3,1078,1210,0,0,0,0,0,0,0,0,0,0,0,0
1704565986596014400,16.4,54.4,1162,534,0,2,0,0,0,0,0,0,0,0,0,0
1704565987610439400,13.4,54.4,1140,623,0,3,0,0,0,0,0,0,0,0,0,0
1704565988623371900,11.3,54.4,1034,635,0,3,0,0,0,0,0,0,0,0,0,0
1704565989637320800,10.6,54.4,1094,635,0,0,0,0,0,0,0,0,0,0,0,0
1704565990649285300,11.6,54.3,1189,618,0,0,12,0,0,0,0,0,0,0,0,0
1704565991664221500,13.1,54.4,1182,718,0,0,0,0,0,0,0,0,0,0,0,0
1704565992679150300,14.9,54.4,1254,894,0,1,0,0,0,0,0,0,0,0,0,0
1704565993697089300,14.1,54.4,1178,646,0,2,0,0,0,0,0,0,0,0,0,0
1704565994717030000,12.1,54.4,996,836,0,1,0,0,0,0,0,0,0,0,0,0
1704565995734961200,13.2,54.4,1250,436,0,1,0,0,0,0,0,0,0,0,0,0
1704565996749916600,12.6,54.4,998,431,0,0,0,0,0,0,0,0,0,0,0,0
1704565997764348800,15.8,54.4,1073,370,0,1,0,0,0,0,0,0,0,0,0,0
1704565998779277200,12.7,54.4,1065,327,0,3,0,0,0,0,0,0,0,0,0,0
1704565999793211400,10.9,54.4,1125,308,0,1,0,0,0,0,0,0,0,0,0,0
1704566000807151900,14.0,54.4,1038,388,0,2,0,0,0,0,0,0,0,0,0,0
1704566001825084800,12.5,54.4,1003,433,0,3,0,0,0,0,0,0,0,0,0,0
1704566002832041100,12.6,54.4,1257,552,0,3,0,0,0,0,0,0,0,0,0,0
1704566003847970200,11.3,54.4,1300,535,0,2,0,0,0,0,0,0,0,0,0,0
1704566004866399100,13.6,54.4,1285,532,0,3,0,0,0,0,0,0,0,0,0,0
1704566005890342100,15.1,54.3,1253,532,0,1,0,0,0,0,0,0,0,0,0,0
1704566006904270100,15.1,54.4,1149,551,0,3,0,0,0,0,0,0,0,0,0,0
1704566007926212400,13.1,54.4,1315,918,0,0,0,0,0,0,0,0,0,0,0,0
1704566008947180400,12.3,54.4,1300,864,0,0,0,0,0,0,0,0,0,0,0,0
1704566009967120400,12.3,54.4,1448,378,0,1,0,0,0,0,0,0,0,0,0,0
1704566010989061900,19.3,54.3,1323,667,0,1,0,0,0,0,0,0,0,0,0,0
1704566012002996600,11.6,54.4,1278,518,0,3,0,0,0,0,0,0,0,0,0,0
1704566013021425700,13.1,54.4,1191,595,0,0,0,0,0,0,0,0,0,0,0,0
1704566014042407800,13.1,54.4,1213,446,0,0,0,0,0,0,0,0,0,0,0,0
1704566015064375100,12.9,54.4,1182,531,0,0,1,0,0,0,0,0,0,1,0,0
1704566016088311700,15.7,54.4,1226,523,0,0,0,0,0,0,0,0,0,0,0,0
1704566017110246700,15.0,54.4,1224,573,0,0,0,0,0,0,0,0,0,0,0,0
1704566018132188400,13.4,54.3,1134,268,0,1,0,0,0,0,0,0,0,0,0,0
1704566019154124100,11.3,54.4,1212,619,0,3,0,0,0,0,0,0,0,0,0,0
1704566020176069900,12.1,54.4,1225,591,0,2,0,0,0,0,0,0,0,0,0,0
1704566021196037600,11.1,54.4,1235,588,0,3,0,0,0,0,0,0,0,0,0,0
1704566022215970600,10.9,54.4,1254,240,0,0,0,0,0,0,0,0,0,0,0,0
1704566023236400800,19.8,54.4,1248,246,0,0,0,0,0,0,0,0,0,0,0,0
1704566024257341500,15.6,54.4,989,1034,0,1,0,0,0,0,0,0,0,0,0,0
1704566025277274500,12.0,54.4,1013,1070,0,0,0,0,0,0,0,0,0,0,0,0
1704566026297274200,13.0,54.4,1213,723,0,2,0,0,0,0,0,0,0,0,0,0
1704566027315233600,13.1,54.3,1196,869,0,0,0,0,0,0,0,0,0,0,0,0
1704566028327176400,11.2,54.4,1405,446,0,0,0,0,0,0,0,0,0,0,0,0
1704566029346117000,12.7,54.4,1137,313,0,0,0,0,0,0,0,0,0,0,0,0
1704566030359049100,10.9,54.4,1122,297,0,0,0,0,0,0,0,0,0,0,0,0
1704566031376002600,11.2,54.4,1190,274,0,0,0,0,0,0,0,0,0,0,0,0
1704566032398435100,18.6,54.3,1264,381,0,3,0,0,0,0,0,0,0,0,0,0
1704566033415399600,13.6,54.4,1299,473,0,0,0,0,0,0,0,0,0,0,0,0
1704566034438336100,12.3,54.4,1232,495,0,1,0,0,0,0,0,0,0,0,0,0
1704566035460284300,12.3,54.4,1614,593,0,0,0,0,0,0,0,0,0,0,0,0
1704566036480218300,11.6,54.4,1124,458,0,0,0,0,0,0,0,0,0,0,0,0
1704566037502153500,17.9,54.3,1150,506,0,1,0,0,0,0,0,0,0,0,0,0
1704566038522094100,11.3,54.4,923,584,0,0,0,0,0,0,0,0,0,0,0,0
1704566039544055300,12.5,54.4,1282,440,0,0,0,0,0,0,0,0,0,0,0,0
1704566040567992200,18.8,54.4,1287,493,0,1,0,0,0,0,0,0,0,0,0,0
1704566041590425200,10.8,54.4,1207,529,0,0,0,0,0,0,0,0,0,0,0,0
1704566042611384600,15.5,54.3,1111,391,0,1,0,0,0,0,0,0,0,0,0,0
1704566043632338000,10.8,54.4,713,653,0,0,0,0,0,0,0,0,0,0,0,0
1704566044653272900,11.5,54.4,708,653,0,0,0,0,0,0,0,0,0,0,0,0
1704566045677209700,10.9,54.4,678,674,0,0,0,0,0,0,0,0,0,0,0,0
1704566046695141100,11.6,54.4,781,531,0,0,0,0,0,0,0,0,0,0,0,0
1704566047709077300,17.1,54.3,1592,516,0,0,0,0,0,0,0,0,0,0,0,0
1704566048733020500,10.6,54.4,1611,500,0,0,0,0,0,0,0,0,0,0,0,0
1704566049750963900,13.1,54.4,1611,500,0,0,0,0,0,0,0,0,0,0,0,0
1704566050761417400,10.4,54.4,1611,500,0,0,0,0,0,0,0,0,0,0,0,0
1704566051778348600,10.4,54.4,1611,500,0,0,0,0,0,0,0,0,0,0,0,0
1704566052796280200,10.4,54.4,1611,500,0,0,0,0,0,0,0,0,0,0,0,0
1704566053810215300,11.4,54.4,1611,500,0,0,0,0,0,0,0,0,0,0,0,0
1704566054824149900,11.4,54.4,1611,500,0,0,0,0,0,0,0,0,0,0,0,0
1704566055846098400,11.4,54.4,1611,500,0,0,0,0,0,0,0,0,0,0,0,0
1704566056867052800,11.6,54.4,1611,500,0,0,0,0,0,0,0,0,0,0,0,0
1704566057886985900,14.4,54.4,1683,417,0,0,0,0,0,0,0,0,0,0,0,0
1704566058901417400,11.6,54.4,1682,417,0,0,0,0,0,0,0,0,0,0,0,0
1704566059919349000,14.2,54.4,1682,417,0,0,0,0,0,0,0,0,0,0,0,0
1704566060940284200,17.9,54.4,1815,361,0,0,0,0,0,0,0,0,0,0,0,0
1704566061961245500,12.1,54.3,807,613,0,0,0,0,0,0,0,0,0,0,0,0
1704566062978196000,11.1,54.4,736,600,0,0,0,0,0,0,0,0,0,0,0,0
1704566064002133000,13.0,54.4,1682,655,0,0,0,0,0,0,0,0,0,0,0,0
1704566065024074000,13.6,54.4,1682,655,0,0,0,0,0,0,0,0,0,0,0,0
1704566066039003000,12.1,54.4,1688,616,2,0,0,0,0,0,0,0,0,0,0,0
1704566067055430000,10.6,54.3,1923,249,1,0,0,0,0,0,0,0,0,0,0,0
1704566068069391600,10.8,54.4,1167,1293,1,0,0,0,0,0,0,0,0,0,0,0
1704566069085321000,17.6,54.3,1789,432,0,0,0,0,0,0,0,0,0,0,0,0
1704566070099249200,11.9,54.4,1789,432,0,0,0,0,0,0,0,0,0,0,0,0
1704566071114186100,11.4,54.4,1774,381,0,0,0,0,0,0,0,0,0,0,0,0
1704566072132117300,14.5,54.4,1522,573,0,0,0,0,0,0,0,0,0,0,0,0
1704566073154052500,15.5,54.4,1467,608,0,0,0,0,0,0,0,0,0,0,0,0
1704566074172017400,14.5,54.3,1501,614,0,0,0,0,0,0,0,0,0,0,0,0
1704566075185945600,17.2,54.4,1739,761,0,0,0,0,0,0,0,0,0,0,0,0
1704566076200398600,13.7,54.4,1750,909,0,0,0,0,0,0,0,0,0,0,0,0
1704566077216335500,13.7,54.4,1252,1297,0,0,0,0,0,0,0,0,0,0,0,0
1704566078239272400,11.3,54.4,1684,1125,0,0,0,0,0,0,0,0,0,0,0,0
1704566079262208200,14.1,54.3,1687,890,0,0,0,0,0,0,0,0,0,0,0,0
1704566080280172200,10.6,54.4,1687,890,0,0,0,0,0,0,0,0,0,0,0,0
1704566081301105900,13.2,54.4,1687,890,0,0,0,0,0,0,0,0,0,0,0,0
1704566082320038400,10.1,54.4,1687,890,0,0,0,0,0,0,0,0,0,0,0,0
1704566083343981200,15.9,54.4,1687,890,0,0,0,0,0,0,0,0,0,0,0,0
1704566084364412100,16.6,54.3,1687,890,0,0,0,0,0,0,0,0,0,0,0,0
1704566085386347000,13.3,54.4,1687,890,0,0,0,0,0,0,0,0,0,0,0,0
1704566086406313500,12.6,54.4,1687,890,0,0,0,0,0,0,0,0,0,0,0,0
1704566087420241500,9.9,54.4,1687,890,0,0,0,0,0,0,0,0,0,0,0,0
1704566088440175800,9.9,54.4,1687,890,0,0,0,0,0,0,0,0,0,0,0,0
1704566089458113700,10.8,54.4,1687,890,0,0,0,0,0,0,0,0,0,0,0,0
1704566090472041600,10.8,54.3,1687,890,0,0,0,0,0,0,0,0,0,0,0,0
1704566091491981100,15.0,54.4,1687,890,0,0,0,0,0,0,0,0,0,0,0,0
1704566092512438000,12.1,54.3,1687,890,0,0,0,0,0,0,0,0,0,0,0,0
1704566093534373300,10.4,54.4,1687,890,0,0,0,0,0,0,0,0,0,0,0,0
1704566094553305300,12.1,54.4,1687,890,0,0,0,0,0,0,0,0,0,0,0,0
1704566095567239600,10.1,54.3,1687,890,0,0,0,0,0,0,0,0,0,0,0,0
1704566096588174200,15.8,54.4,1784,595,0,0,0,0,0,0,0,0,0,0,0,0
1704566097611134300,12.4,54.4,1950,379,0,1,0,0,0,0,0,0,0,0,0,0
1704566098626091500,12.3,54.4,1808,540,0,0,0,0,0,0,0,0,0,0,0,0
1704566099641020900,15.2,54.4,1874,195,0,1,0,0,0,0,0,0,0,0,0,0
1704566100654444500,12.4,54.4,1956,207,0,1,0,0,0,0,0,0,0,0,0,0
1704566101675384200,13.6,54.4,1920,223,0,1,0,0,0,0,0,0,0,0,0,0
1704566102697319300,12.6,54.4,1852,281,0,0,0,0,0,0,0,0,0,0,0,0
1704566103716279800,19.1,54.4,2103,354,0,0,0,0,0,0,0,0,0,0,0,0
1704566104738221500,12.8,54.4,1520,176,0,1,0,0,0,0,0,0,0,0,0,0
1704566105762158700,14.6,54.4,1400,146,0,1,0,0,0,0,0,0,0,0,0,0
1704566106784099700,10.6,54.4,1396,151,0,0,0,0,0,0,0,0,0,0,0,0
1704566107808037000,12.8,54.4,1346,172,0,1,0,0,0,0,0,0,0,0,0,0
1704566108829983200,13.0,54.4,1262,383,0,0,0,0,0,0,0,0,0,0,0,0
1704566109850949100,16.3,54.4,1437,370,0,0,0,0,0,0,0,0,0,0,0,0
1704566110873405200,17.2,54.3,1468,334,0,0,0,0,0,0,0,0,0,0,0,0
1704566111895340600,11.2,54.4,1652,364,0,0,0,0,0,0,0,0,0,0,0,0
1704566112917281900,12.1,54.4,1827,397,0,1,0,0,0,0,0,0,0,0,0,0
1704566113941226200,14.2,54.4,1524,446,0,1,0,1,0,0,0,0,0,0,0,0
1704566114962167600,12.8,54.4,1440,657,0,0,1,0,0,0,0,0,0,0,0,0
1704566115977129700,16.3,54.3,1193,552,0,1,0,1,0,0,0,0,0,0,0,0
1704566116994059600,19.8,53.7,1269,882,0,0,0,0,1,0,0,0,0,0,0,0
1704566118018003800,15.5,53.7,964,785,0,2,0,2,0,0,0,0,0,0,0,0
1704566119040443500,13.8,53.7,1576,466,0,3,0,7,0,0,0,0,0,0,0,0
1704566120058375200,13.2,53.7,1309,630,0,3,0,0,2,0,0,0,0,0,0,0
1704566121080360000,14.0,53.7,1276,623,0,2,0,0,1,0,0,0,0,0,0,0
1704566122102295800,10.9,53.7,1308,628,0,1,0,8,0,0,0,0,0,0,0,0
1704566123114221500,10.4,53.7,1303,595,0,0,0,16,0,0,0,0,0,0,0,0
1704566124130151000,13.6,53.7,1317,594,0,0,0,15,0,0,0,0,0,0,0,0
1704566125141083400,15.8,53.7,1321,601,0,0,0,0,0,0,0,0,0,0,0,0
1704566126165030200,13.5,53.7,1524,588,0,0,0,0,0,0,0,0,0,0,0,0
1704566127184969600,13.2,53.7,1304,575,0,1,0,0,0,0,0,0,0,0,0,0
1704566128204434000,11.9,53.7,1302,577,0,0,0,0,0,0,0,0,0,0,0,0
1704566129228371100,12.1,53.7,1308,612,0,1,0,0,0,0,0,0,0,0,0,0
1704566130248304400,13.2,53.7,708,815,0,2,0,0,0,0,0,0,0,0,0,0
1704566131267265200,10.6,53.7,690,847,0,0,0,0,0,0,0,0,0,0,0,0
1704566132287198700,12.1,53.7,689,854,0,0,0,0,0,0,0,0,0,0,0,0
1704566133308146900,22.5,53.7,689,854,0,0,0,0,0,0,0,0,0,0,0,0
1704566134327100500,11.4,53.7,1053,1085,0,0,0,0,0,0,0,0,0,0,0,0
1704566135345038400,14.9,53.7,1035,1104,0,0,0,0,0,0,0,0,0,0,0,0
1704566136366489900,12.8,53.7,780,1170,0,0,0,0,0,0,0,0,0,0,0,0
1704566137388425500,11.6,53.6,778,1169,0,0,0,0,0,0,0,0,0,0,0,0
1704566138408365900,13.5,53.7,778,1169,0,0,0,0,0,0,0,0,0,0,0,0
1704566139427332600,13.5,53.7,843,1135,0,0,0,0,0,0,0,0,0,0,0,0
1704566140448280300,16.5,53.7,1427,291,0,0,0,0,11,0,0,0,0,0,0,0
1704566141472217400,15.8,53.7,1489,320,0,0,0,0,0,0,0,0,0,0,0,0
1704566142492158400,15.1,53.7,1612,307,0,1,0,0,0,0,0,0,0,0,0,0
1704566143506085600,14.4,53.7,1572,308,0,0,0,0,0,0,0,0,0,0,0,0
1704566144530030700,18.1,53.7,1522,271,0,0,0,0,1,0,0,0,0,0,0,0
1704566145551994200,10.1,53.7,1388,348,0,0,0,0,0,0,0,0,0,0,0,0
1704566146574426900,12.6,53.7,1308,404,0,0,0,15,0,0,0,0,0,0,0,0
1704566147596361800,17.6,53.7,1159,574,0,0,0,15,0,0,0,0,0,0,0,0
1704566148618303900,14.5,53.7,1336,501,0,0,0,3,0,0,0,0,0,0,0,0
1704566149638237300,10.4,53.7,1216,545,0,2,0,0,0,0,0,0,0,0,0,0
1704566150658184600,11.7,53.7,1140,757,0,2,0,0,0,0,0,0,0,0,0,0
1704566151679140400,12.3,53.7,703,1059,0,1,0,0,0,0,0,0,0,0,0,0
1704566152697079400,15.9,53.7,645,1128,0,0,0,0,0,0,0,0,0,0,0,0
1704566153711014000,11.7,53.7,665,1111,0,0,0,0,0,0,0,0,0,0,0,0
1704566154726439600,10.6,53.7,730,1115,0,0,0,0,0,0,0,0,0,0,0,0
1704566155743370400,12.6,53.7,1201,1028,0,0,0,0,0,0,0,0,0,0,0,0
1704566156757326400,12.3,53.7,1318,416,0,0,0,0,0,0,0,0,0,0,0,0
1704566157771261700,16.7,53.7,1166,603,0,0,0,1,0,0,0,0,0,0,0,0
1704566158785191200,16.3,53.7,1319,575,0,3,0,0,2,0,0,0,0,0,0,0
1704566159801127300,13.8,53.7,1392,636,0,3,0,0,0,0,0,0,0,0,0,0
1704566160813053900,16.2,53.7,1303,697,0,3,0,0,0,0,0,0,0,0,0,0
1704566161834989600,14.9,53.7,1336,564,0,2,0,0,1,0,0,0,0,0,0,0
1704566162853974100,12.4,53.7,1336,565,0,0,0,0,1,1,0,0,0,0,0,0
1704566163878408500,10.4,53.7,1336,566,0,0,0,0,0,0,0,0,0,0,0,0
1704566164896339600,10.6,53.7,1403,504,0,2,0,0,0,0,0,0,0,0,0,0
1704566165914279000,17.1,53.7,1601,367,0,1,0,0,0,0,0,0,0,0,0,0
1704566166938216600,12.2,53.7,1392,531,0,2,0,0,0,0,0,0,0,0,0,0
1704566167962154400,13.8,53.7,1093,724,0,3,0,0,0,0,0,0,0,0,0,0
1704566168980119300,19.1,53.8,1060,844,0,1,0,0,0,0,0,0,0,0,0,0
1704566170002054000,12.2,53.8,1524,602,0,0,0,0,0,0,0,0,0,0,0,0
1704566171022009200,10.6,53.7,1524,602,0,0,0,0,0,0,0,0,0,0,0,0
1704566172042446500,16.8,53.8,1524,602,0,0,0,0,0,0,0,0,0,0,0,0
1704566173066383300,10.7,53.8,1524,602,0,0,0,0,0,0,0,0,0,0,0,0
1704566174084373600,11.1,53.7,1524,602,0,0,0,0,0,0,0,0,0,0,0,0
1704566175103332800,14.1,53.8,1524,602,0,0,0,0,0,0,0,0,0,0,0,0
1704566176124273300,11.1,53.8,1524,602,0,0,0,0,0,0,0,0,0,0,0,0
1704566177146207200,11.6,53.8,1524,602,0,0,0,0,0,0,0,0,0,0,0,0
1704566178166147300,11.3,53.8,1524,602,0,0,0,0,0,0,0,0,0,0,0,0
1704566179186080300,14.7,53.7,1524,602,0,0,0,0,0,0,0,0,0,0,0,0
1704566180206013400,15.0,53.8,1524,602,0,0,0,0,0,0,0,0,0,0,0,0
1704566181223977900,12.6,53.8,1524,602,0,0,0,0,0,0,0,0,0,0,0,0
1704566182247411800,11.3,53.8,1524,602,0,0,0,0,0,0,0,0,0,0,0,0
1704566183271348500,11.1,53.8,1524,602,0,0,0,0,0,0,0,0,0,0,0,0
1704566184285289900,16.8,53.7,1524,602,0,0,0,0,0,0,0,0,0,0,0,0
1704566185299217700,13.1,53.8,1524,602,0,0,0,0,0,0,0,0,0,0,0,0
1704566186313207800,11.2,53.8,1524,602,0,0,0,0,0,0,0,0,0,0,0,0
1704566187329149400,11.8,53.8,1524,602,0,0,0,0,0,0,0,0,0,0,0,0
1704566188344106100,11.4,53.8,1524,602,0,0,0,0,0,0,0,0,0,0,0,0
1704566189358063300,15.8,53.7,1524,602,0,0,0,0,0,0,0,0,0,0,0,0
1704566190372998700,10.4,53.8,1524,602,0,0,0,0,0,0,0,0,0,0,0,0
1704566191388424800,11.7,53.8,1524,602,0,0,0,0,0,0,0,0,0,0,0,0
1704566192401971700,10.1,53.8,1524,602,0,0,0,0,0,0,0,0,0,0,0,0
1704566193422402600,16.9,53.8,1524,602,0,0,0,0,0,0,0,0,0,0,0,0
1704566194442367600,11.7,53.8,1524,602,0,0,0,0,0,0,0,0,0,0,0,0
1704566195464302600,13.1,53.7,1524,602,0,0,0,0,0,0,0,0,0,0,0,0
1704566196486237500,10.9,53.8,1524,602,0,0,0,0,0,0,0,0,0,0,0,0
1704566197507178100,11.1,53.8,1524,602,0,0,0,0,0,0,0,0,0,0,0,0
1704566198525109000,15.9,53.8,1524,602,0,0,0,0,0,0,0,0,0,0,0,0
1704566199549062100,12.1,53.8,1524,602,0,0,0,0,0,0,0,0,0,0,0,0
1704566200569022700,10.4,53.5,1524,602,0,0,0,0,0,0,0,0,0,0,0,0
1704566201588955200,22.5,51.4,1524,602,0,0,0,0,0,0,0,0,0,0,0,0
1704566202611387300,11.4,51.2,1524,602,0,0,0,0,0,0,0,0,0,0,0,0
1704566203631320300,9.8,51.2,1524,602,0,0,0,0,0,0,0,0,0,0,0,0
1704566204645248300,11.1,51.2,1524,602,0,0,0,0,0,0,0,0,0,0,0,0
1704566205659218500,20.2,51.3,1524,602,0,0,0,0,0,0,0,0,0,0,0,0
1704566206675169500,13.1,51.3,1524,602,0,0,0,0,0,0,0,0,0,0,0,0
1704566207695103100,10.4,51.3,1524,602,0,0,0,0,0,0,0,0,0,0,0,0
1704566208711038800,11.8,51.3,1524,602,0,0,0,0,0,0,0,0,0,0,0,0
1704566209722965000,10.1,51.3,1524,602,0,0,0,0,0,0,0,0,0,0,0,0
1704566210735388700,13.5,51.3,1524,602,0,0,0,0,0,0,0,0,0,0,0,0
1704566211749331600,14.4,51.3,1524,602,0,0,0,0,0,0,0,0,0,0,0,0
1704566212767262900,14.0,51.3,1524,602,0,0,0,0,0,0,0,0,0,0,0,0
1704566213781190500,11.6,51.3,1524,602,0,0,0,0,0,0,0,0,0,0,0,0
1704566214795142900,14.5,51.3,1524,602,0,0,0,0,0,0,0,0,0,0,0,0
1704566215810093100,15.2,51.2,1524,602,0,0,0,0,0,0,0,0,0,0,0,0
1704566216825055300,11.9,51.3,1524,602,0,0,0,0,0,0,0,0,0,0,0,0
1704566217844989000,12.8,51.2,1679,530,0,0,0,0,0,0,0,0,0,0,0,0
1704566218867428900,12.6,51.3,1901,299,0,1,0,0,0,0,0,0,0,0,0,0
1704566219887368800,16.4,51.3,2151,144,0,2,0,0,0,0,0,0,0,0,0,0
1704566220901305100,15.7,51.2,1935,0,0,0,0,0,0,0,0,0,0,0,0,0
1704566221923240200,12.7,51.3,1865,175,0,1,0,0,0,0,0,0,0,0,0,0
1704566222943206800,12.1,51.3,1695,182,0,0,0,0,0,0,0,0,0,0,0,0
1704566223963146600,10.6,51.3,1496,110,0,1,0,0,0,0,0,0,0,0,0,0
1704566224983080200,12.4,51.3,1428,254,0,0,0,1,0,0,0,0,0,0,0,0
1704566226006024600,21.1,51.2,1316,435,0,0,0,0,0,0,0,0,0,0,0,0
1704566227029961500,12.3,51.3,1224,457,0,2,0,0,0,0,0,0,0,0,0,0
1704566228052407600,14.6,51.3,1271,464,0,0,0,0,1,0,0,0,0,0,0,0
1704566229066369300,12.1,51.3,1276,472,0,0,0,0,0,0,0,0,0,0,0,0
1704566230080298100,14.6,51.3,1279,465,0,0,0,0,0,0,0,0,0,0,0,0
1704566231104234700,14.6,51.2,1269,447,0,0,0,0,0,1,0,0,0,0,0,0
1704566232126169700,12.0,51.3,1258,469,0,0,0,0,0,0,0,0,0,0,0,0
1704566233148105200,12.9,51.2,1258,469,0,0,0,2,0,0,0,0,0,0,0,0
1704566234169046300,12.8,51.2,1258,469,0,0,0,0,0,0,0,0,0,0,0,0
1704566235186986600,11.7,51.2,1270,459,0,0,0,1,0,0,0,0,0,0,0,0
1704566236207424000,14.7,51.2,1273,462,0,1,0,0,0,0,0,0,0,0,0,0
1704566237228365000,14.5,51.2,1262,479,0,0,1,0,1,0,0,0,0,0,0,0
1704566238246303200,10.9,51.2,1260,481,0,0,0,1,0,0,0,0,0,0,0,0
1704566239270240600,10.7,51.2,1257,485,0,0,0,0,0,0,0,0,0,0,0,0
1704566240292208700,11.9,51.2,1257,485,0,0,0,0,0,0,0,0,0,0,0,0
1704566241315144400,11.9,51.2,1257,487,0,0,1,0,1,0,0,0,0,0,0,0
1704566242335078100,11.1,51.2,1257,482,0,0,0,0,0,0,0,0,0,0,0,0
1704566243347004600,14.8,51.2,1286,480,0,1,0,0,1,0,0,0,0,0,0,0
1704566244359434600,12.6,51.2,1266,473,0,2,0,0,1,0,0,0,0,0,0,0
1704566245379368400,12.2,51.2,1266,474,0,0,1,0,0,0,0,0,0,0,0,0
1704566246398334600,11.8,51.2,1329,480,0,0,5,0,0,0,0,0,0,0,0,0
1704566247422273400,14.5,51.2,1527,309,0,2,0,0,0,0,0,0,0,0,0,0
1704566248444209500,14.3,51.2,1503,301,0,1,0,0,0,0,0,0,0,0,0,0
1704566249459153300,13.9,51.2,1514,284,0,3,0,15,0,0,0,0,0,0,0,0
1704566250482089600,11.8,51.2,1539,394,0,3,0,1,0,0,0,0,0,0,0,0
1704566251506032900,10.8,51.2,1432,384,0,2,0,10,0,0,0,0,0,0,0,0
1704566252525993600,13.1,51.2,1507,390,0,3,0,12,0,0,0,0,0,0,0,0
1704566253548426400,10.9,51.2,1417,417,0,0,0,0,0,0,0,0,0,0,0,0
1704566254562362000,14.1,51.2,1628,436,0,0,0,0,0,0,0,0,0,0,0,0
1704566255578291200,12.7,51.2,1398,594,0,0,0,0,0,0,0,0,0,0,0,0
1704566256592218800,13.0,51.2,1421,512,0,0,0,0,0,0,0,0,0,0,0,0
1704566257604175900,13.0,51.2,1489,385,0,0,0,0,0,0,0,0,0,0,0,0
1704566258618130400,9.6,51.2,1493,389,0,0,0,0,0,0,0,0,0,0,0,0
1704566259636061900,11.6,51.2,1484,437,0,1,0,0,0,0,0,0,0,0,0,0
1704566260649990000,12.5,51.2,1555,493,0,1,0,0,0,0,0,0,0,0,0,0
1704566261664422200,11.3,51.2,1545,488,0,0,0,0,0,0,0,0,0,0,0,0
1704566262678349900,15.2,51.2,1354,608,0,3,0,0,0,0,0,0,0,0,0,0
1704566263692304500,11.4,51.2,1465,577,0,2,0,0,0,0,0,0,0,0,0,0
1704566264706238100,10.8,51.2,1455,582,0,0,1,0,0,0,0,0,0,0,0,0
1704566265722168400,16.1,51.2,1482,432,0,0,0,0,0,0,0,0,0,0,0,0
1704566266742102200,17.1,51.2,1407,455,0,2,0,0,0,0,0,0,0,0,0,0
1704566267766039200,24.4,51.1,1347,559,0,1,0,0,0,0,0,0,0,0,0,0
1704566268785972800,10.4,51.2,1337,578,0,0,0,1,0,0,0,0,0,0,0,0
1704566269806436600,16.3,51.2,1242,671,0,2,0,0,0,0,0,0,0,0,0,0
1704566270826369700,15.1,51.4,990,789,0,2,0,0,0,0,0,0,0,0,0,0
1704566271840301500,33.3,51.3,946,731,0,2,0,0,0,0,0,0,0,0,0,0
1704566272854236500,13.2,51.4,972,761,0,0,1,0,0,0,0,0,0,0,0,0
1704566273876172500,9.9,51.4,990,747,0,0,0,0,0,0,0,0,0,0,0,0
1704566274900109500,12.0,51.4,1301,779,0,2,0,0,0,0,0,0,0,0,0,0
1704566275918074100,11.2,51.4,1294,760,0,1,0,0,0,0,0,0,0,0,0,0
1704566276942011400,20.8,51.4,1075,785,0,1,0,0,0,0,0,0,0,0,0,0
1704566277962442200,14.5,51.4,1053,671,0,2,0,0,0,0,0,0,0,0,0,0
1704566278984377700,11.4,51.4,1138,691,0,0,0,0,1,0,0,0,0,0,0,0
1704566280006319900,11.1,51.4,1214,762,0,0,0,0,1,0,0,0,0,0,0,0
1704566281030268000,12.3,51.4,1056,765,0,0,0,0,0,0,0,0,0,0,0,0
1704566282046229500,14.0,51.4,1034,800,0,0,0,0,1,0,0,0,0,0,0,0
1704566283061158600,10.9,51.4,1105,761,0,1,0,0,3,0,0,0,0,0,0,0
1704566284077087900,10.9,51.4,1079,715,0,1,0,0,1,0,0,0,0,0,0,0
1704566285094025100,16.6,51.4,1477,552,0,1,0,0,0,0,0,0,0,0,0,0
1704566286117962200,10.8,51.4,1478,559,0,0,0,0,0,0,0,0,0,0,0,0
1704566287140401000,11.2,51.4,1471,560,0,0,0,0,0,0,0,0,0,0,0,0
1704566288154365400,12.7,51.4,1401,398,0,2,0,1,1,0,0,0,0,0,0,0
1704566289164288500,12.2,51.4,1307,484,0,1,0,0,0,0,0,0,0,0,0,0
1704566290182220400,12.6,51.4,1181,558,0,3,1,0,0,0,0,0,0,0,0,0
1704566291195147300,11.1,51.4,1104,663,0,1,0,0,0,0,0,0,0,0,0,0
1704566292219084000,11.7,51.4,1335,545,0,0,1,0,0,0,0,0,0,0,0,0
1704566293241036300,13.5,51.4,1098,580,0,0,1,0,0,0,0,0,0,0,0,0
1704566294256992200,18.6,51.3,1065,626,0,3,0,0,0,0,0,0,0,0,0,0
1704566295271417200,12.8,51.4,1391,478,0,1,1,0,0,0,0,0,0,0,0,0
1704566296283343700,14.5,51.4,1218,599,0,3,8,0,0,0,0,0,0,0,0,0
1704566297297284000,16.2,51.4,1265,591,0,2,0,0,0,0,0,0,0,0,0,0
1704566298313240200,12.1,51.4,1581,521,0,0,0,0,0,0,0,0,0,0,0,0
1704566299328190500,17.4,51.3,1581,521,0,0,0,0,0,0,0,0,0,0,0,0
1704566300340170700,11.5,51.4,1581,521,0,0,0,0,0,0,0,0,0,1,0,0
1704566301374117000,88.5,52.8,-629,153,0,0,0,0,0,0,0,0,0,0,0,0
